Sector,Piscina,Corrida,Estadio,Parametro,Promedio,%supervivencia
Sala 04,L0401,0028C,Zoea 1,Saturacion,84.22,93.33
Sala 04,L0402,0028C,Zoea 1,Saturacion,84.44,93.33
Sala 04,L0403,0028C,Zoea 1,Saturacion,84.83,93.33
Sala 04,L0404,0028C,Zoea 1,Saturacion,84.73,93.33
Sala 04,L0405,0028C,Zoea 1,Saturacion,84.66,93.33
Sala 04,L0406,0028C,Zoea 1,Saturacion,84.49,93.33
Sala 04,L0407,0028C,Zoea 1,Saturacion,84.48,93.33
Sala 04,L0408,0028C,Zoea 1,Saturacion,84.96,93.33
Sala 04,L0409,0028C,Zoea 1,Saturacion,84.89,93.33
Sala 04,L0410,0028C,Zoea 1,Saturacion,84.53,93.33
Sala 04,L0411,0028C,Zoea 1,Saturacion,84.44,93.33
Sala 04,L0412,0028C,Zoea 1,Saturacion,84.82,93.33
Sala 04,L0401,0029C,Zoea 1,Saturacion,82.50,93.33
Sala 04,L0402,0029C,Zoea 1,Saturacion,82.49,93.33
Sala 04,L0403,0029C,Zoea 1,Saturacion,82.45,93.33
Sala 04,L0404,0029C,Zoea 1,Saturacion,82.52,93.33
Sala 04,L0405,0029C,Zoea 1,Saturacion,82.53,93.33
Sala 04,L0406,0029C,Zoea 1,Saturacion,82.47,93.33
Sala 04,L0407,0029C,Zoea 1,Saturacion,82.51,93.33
Sala 04,L0408,0029C,Zoea 1,Saturacion,82.54,93.33
Sala 04,L0409,0029C,Zoea 1,Saturacion,82.48,93.33
Sala 04,L0410,0029C,Zoea 1,Saturacion,82.49,93.33
Sala 04,L0411,0029C,Zoea 1,Saturacion,82.51,93.33
Sala 04,L0412,0029C,Zoea 1,Saturacion,82.51,93.33
Sala 04,L0401,0030C,Zoea 1,Saturacion,84.27,93.33
Sala 04,L0402,0030C,Zoea 1,Saturacion,84.23,93.33
Sala 04,L0403,0030C,Zoea 1,Saturacion,84.27,93.33
Sala 04,L0404,0030C,Zoea 1,Saturacion,84.24,93.33
Sala 04,L0405,0030C,Zoea 1,Saturacion,84.21,93.33
Sala 04,L0406,0030C,Zoea 1,Saturacion,84.20,93.33
Sala 04,L0407,0030C,Zoea 1,Saturacion,84.15,93.33
Sala 04,L0408,0030C,Zoea 1,Saturacion,84.15,93.33
Sala 04,L0409,0030C,Zoea 1,Saturacion,84.20,93.33
Sala 04,L0410,0030C,Zoea 1,Saturacion,84.17,93.33
Sala 04,L0411,0030C,Zoea 1,Saturacion,84.05,93.33
Sala 04,L0412,0030C,Zoea 1,Saturacion,84.21,93.33
Sala 05,L0501,0030C,Zoea 1,Saturacion,78.63,95.83
Sala 05,L0502,0030C,Zoea 1,Saturacion,78.59,95.83
Sala 05,L0503,0030C,Zoea 1,Saturacion,79.18,96.67
Sala 05,L0504,0030C,Zoea 1,Saturacion,78.87,96.67
Sala 05,L0505,0030C,Zoea 1,Saturacion,78.78,96.67
Sala 05,L0506,0030C,Zoea 1,Saturacion,78.96,96.67
Sala 05,L0507,0030C,Zoea 1,Saturacion,78.89,96.67
Sala 05,L0508,0030C,Zoea 1,Saturacion,78.96,96.67
Sala 05,L0509,0030C,Zoea 1,Saturacion,79.03,96.67
Sala 05,L0510,0030C,Zoea 1,Saturacion,78.69,96.67
Sala 05,L0511,0030C,Zoea 1,Saturacion,78.72,96.67
Sala 05,L0512,0030C,Zoea 1,Saturacion,78.94,96.67
Sala 05,L0501,0031C,Zoea 1,Saturacion,80.63,95.83
Sala 05,L0502,0031C,Zoea 1,Saturacion,80.77,95.83
Sala 05,L0503,0031C,Zoea 1,Saturacion,80.58,96.67
Sala 05,L0504,0031C,Zoea 1,Saturacion,80.73,96.67
Sala 05,L0505,0031C,Zoea 1,Saturacion,80.68,96.67
Sala 05,L0506,0031C,Zoea 1,Saturacion,80.43,96.67
Sala 05,L0507,0031C,Zoea 1,Saturacion,80.83,96.67
Sala 05,L0508,0031C,Zoea 1,Saturacion,80.67,96.67
Sala 05,L0509,0031C,Zoea 1,Saturacion,80.73,96.67
Sala 05,L0510,0031C,Zoea 1,Saturacion,80.22,96.67
Sala 05,L0511,0031C,Zoea 1,Saturacion,80.68,96.67
Sala 05,L0512,0031C,Zoea 1,Saturacion,80.76,96.67
Sala 04,L0401,0032C,Zoea 1,Saturacion,83.82,97.14
Sala 04,L0402,0032C,Zoea 1,Saturacion,83.82,97.14
Sala 04,L0403,0032C,Zoea 1,Saturacion,83.83,97.14
Sala 04,L0404,0032C,Zoea 1,Saturacion,83.84,97.14
Sala 04,L0406,0032C,Zoea 1,Saturacion,83.82,97.14
Sala 04,L0407,0032C,Zoea 1,Saturacion,83.84,97.14
Sala 04,L0408,0032C,Zoea 1,Saturacion,83.83,97.14
Sala 04,L0409,0032C,Zoea 1,Saturacion,83.84,97.14
Sala 04,L0410,0032C,Zoea 1,Saturacion,83.82,97.14
Sala 04,L0411,0032C,Zoea 1,Saturacion,83.86,97.14
Sala 04,L0412,0032C,Zoea 1,Saturacion,83.84,97.14
Sala 05,L0501,0032C,Zoea 1,Saturacion,81.06,97.22
Sala 05,L0502,0032C,Zoea 1,Saturacion,80.29,97.22
Sala 05,L0503,0032C,Zoea 1,Saturacion,79.83,97.22
Sala 05,L0504,0032C,Zoea 1,Saturacion,80.66,98.59
Sala 05,L0505,0032C,Zoea 1,Saturacion,80.15,98.59
Sala 05,L0506,0032C,Zoea 1,Saturacion,79.78,98.59
Sala 05,L0507,0032C,Zoea 1,Saturacion,80.12,98.59
Sala 05,L0508,0032C,Zoea 1,Saturacion,80.39,100.00
Sala 05,L0509,0032C,Zoea 1,Saturacion,80.60,100.00
Sala 05,L0510,0032C,Zoea 1,Saturacion,80.54,100.00
Sala 05,L0511,0032C,Zoea 1,Saturacion,80.99,100.00
Sala 05,L0512,0032C,Zoea 1,Saturacion,80.80,100.00
Sala 07,L0701,0032C,Zoea 1,Saturacion,77.92,83.33
Sala 07,L0702,0032C,Zoea 1,Saturacion,75.42,82.05
Sala 07,L0703,0032C,Zoea 1,Saturacion,73.83,50.00
Sala 07,L0704,0032C,Zoea 1,Saturacion,73.50,93.75
Sala 07,L0705,0032C,Zoea 1,Saturacion,74.50,95.31
Sala 07,L0706,0032C,Zoea 1,Saturacion,74.17,92.19
Sala 07,L0707,0032C,Zoea 1,Saturacion,74.00,92.19
Sala 07,L0708,0032C,Zoea 1,Saturacion,75.00,96.88
Sala 07,L0709,0032C,Zoea 1,Saturacion,75.42,93.75
Sala 07,L0710,0032C,Zoea 1,Saturacion,75.17,93.75
Sala 07,L0711,0032C,Zoea 1,Saturacion,74.50,93.75
Sala 07,L0712,0032C,Zoea 1,Saturacion,74.67,96.67
Sala 07,L0713,0032C,Zoea 1,Saturacion,73.92,92.19
Sala 07,L0714,0032C,Zoea 1,Saturacion,73.92,93.75
Sala 05,L0501,0033C,Zoea 1,Saturacion,77.85,92.73
Sala 05,L0502,0033C,Zoea 1,Saturacion,78.13,92.73
Sala 05,L0503,0033C,Zoea 1,Saturacion,78.29,92.73
Sala 05,L0504,0033C,Zoea 1,Saturacion,78.47,92.73
Sala 05,L0505,0033C,Zoea 1,Saturacion,78.29,92.72
Sala 05,L0506,0033C,Zoea 1,Saturacion,77.66,92.72
Sala 05,L0507,0033C,Zoea 1,Saturacion,77.81,90.01
Sala 05,L0508,0033C,Zoea 1,Saturacion,77.99,90.01
Sala 05,L0509,0033C,Zoea 1,Saturacion,78.02,90.00
Sala 05,L0510,0033C,Zoea 1,Saturacion,78.14,90.00
Sala 05,L0511,0033C,Zoea 1,Saturacion,78.41,90.00
Sala 05,L0512,0033C,Zoea 1,Saturacion,78.42,90.00
Sala 07,L0701,0033C,Zoea 1,Saturacion,91.75,69.72
Sala 07,L0702,0033C,Zoea 1,Saturacion,91.33,74.37
Sala 07,L0703,0033C,Zoea 1,Saturacion,90.58,65.07
Sala 07,L0704,0033C,Zoea 1,Saturacion,90.75,94.44
Sala 07,L0705,0033C,Zoea 1,Saturacion,90.00,85.00
Sala 07,L0706,0033C,Zoea 1,Saturacion,91.58,85.00
Sala 07,L0707,0033C,Zoea 1,Saturacion,92.08,87.50
Sala 07,L0708,0033C,Zoea 1,Saturacion,90.75,78.21
Sala 07,L0709,0033C,Zoea 1,Saturacion,91.00,78.21
Sala 07,L0710,0033C,Zoea 1,Saturacion,91.33,60.42
Sala 07,L0711,0033C,Zoea 1,Saturacion,90.67,51.13
Sala 07,L0712,0033C,Zoea 1,Saturacion,89.58,62.25
Sala 02,L0207,0036C,Zoea 1,Saturacion,79.44,100.00
Sala 02,L0208,0036C,Zoea 1,Saturacion,77.60,100.00
Sala 02,L0209,0036C,Zoea 1,Saturacion,79.16,100.00
Sala 02,L0210,0036C,Zoea 1,Saturacion,76.52,100.00
Sala 02,L0211,0036C,Zoea 1,Saturacion,76.43,100.00
Sala 02,L0212,0036C,Zoea 1,Saturacion,76.59,100.00
Sala 03,L0301,0036C,Zoea 1,Saturacion,74.83,96.97
Sala 03,L0302,0036C,Zoea 1,Saturacion,74.92,96.94
Sala 03,L0303,0036C,Zoea 1,Saturacion,75.75,96.97
Sala 03,L0304,0036C,Zoea 1,Saturacion,75.50,97.00
Sala 03,L0305,0036C,Zoea 1,Saturacion,75.50,97.00
Sala 03,L0306,0036C,Zoea 1,Saturacion,75.83,95.19
Sala 03,L0307,0036C,Zoea 1,Saturacion,76.00,96.15
Sala 03,L0308,0036C,Zoea 1,Saturacion,76.50,96.15
Sala 03,L0309,0036C,Zoea 1,Saturacion,75.92,96.15
Sala 03,L0310,0036C,Zoea 1,Saturacion,76.25,96.15
Sala 03,L0311,0036C,Zoea 1,Saturacion,76.17,96.15
Sala 03,L0312,0036C,Zoea 1,Saturacion,75.75,96.15
Sala 07,L0701,0036C,Zoea 1,Saturacion,86.75,92.11
Sala 07,L0702,0036C,Zoea 1,Saturacion,86.50,92.11
Sala 07,L0703,0036C,Zoea 1,Saturacion,85.25,90.28
Sala 07,L0704,0036C,Zoea 1,Saturacion,85.58,92.50
Sala 07,L0705,0036C,Zoea 1,Saturacion,86.08,95.00
Sala 07,L0706,0036C,Zoea 1,Saturacion,84.83,93.75
Sala 07,L0707,0036C,Zoea 1,Saturacion,84.42,89.74
Sala 07,L0708,0036C,Zoea 1,Saturacion,86.17,92.50
Sala 07,L0709,0036C,Zoea 1,Saturacion,85.17,89.74
Sala 07,L0710,0036C,Zoea 1,Saturacion,85.67,92.11
Sala 07,L0711,0036C,Zoea 1,Saturacion,85.92,92.11
Sala 07,L0712,0036C,Zoea 1,Saturacion,87.08,92.11
Sala 07,L0713,0036C,Zoea 1,Saturacion,85.33,92.11
Sala 07,L0714,0036C,Zoea 1,Saturacion,86.00,92.11
Sala 10,L1001,0036C,Zoea 1,Saturacion,82.92,93.96
Sala 10,L1002,0036C,Zoea 1,Saturacion,82.42,93.96
Sala 10,L1003,0036C,Zoea 1,Saturacion,83.25,93.96
Sala 10,L1004,0036C,Zoea 1,Saturacion,82.83,93.96
Sala 10,L1005,0036C,Zoea 1,Saturacion,82.92,93.96
Sala 10,L1006,0036C,Zoea 1,Saturacion,82.67,93.96
Sala 10,L1007,0036C,Zoea 1,Saturacion,82.92,93.96
Sala 10,L1008,0036C,Zoea 1,Saturacion,82.83,93.96
Sala 10,L1009,0036C,Zoea 1,Saturacion,82.67,94.59
Sala 10,L1010,0036C,Zoea 1,Saturacion,84.00,92.31
Sala 10,L1011,0036C,Zoea 1,Saturacion,83.47,92.31
Sala 10,L1012,0036C,Zoea 1,Saturacion,84.30,92.31
Sala 10,L1013,0036C,Zoea 1,Saturacion,84.93,92.31
Sala 10,L1014,0036C,Zoea 1,Saturacion,84.24,92.31
Sala 04,L0401,0028C,Zoea 2,Saturacion,82.56,90.67
Sala 04,L0402,0028C,Zoea 2,Saturacion,82.60,90.67
Sala 04,L0403,0028C,Zoea 2,Saturacion,82.63,84.00
Sala 04,L0404,0028C,Zoea 2,Saturacion,82.77,90.00
Sala 04,L0405,0028C,Zoea 2,Saturacion,82.57,90.67
Sala 04,L0406,0028C,Zoea 2,Saturacion,82.64,90.67
Sala 04,L0407,0028C,Zoea 2,Saturacion,82.59,91.33
Sala 04,L0408,0028C,Zoea 2,Saturacion,82.68,90.67
Sala 04,L0409,0028C,Zoea 2,Saturacion,82.58,90.67
Sala 04,L0410,0028C,Zoea 2,Saturacion,82.73,93.33
Sala 04,L0411,0028C,Zoea 2,Saturacion,82.67,90.67
Sala 04,L0412,0028C,Zoea 2,Saturacion,82.67,93.33
Sala 04,L0401,0029C,Zoea 2,Saturacion,84.22,69.33
Sala 04,L0402,0029C,Zoea 2,Saturacion,84.23,69.33
Sala 04,L0403,0029C,Zoea 2,Saturacion,84.07,61.33
Sala 04,L0404,0029C,Zoea 2,Saturacion,84.01,73.33
Sala 04,L0405,0029C,Zoea 2,Saturacion,84.28,69.33
Sala 04,L0406,0029C,Zoea 2,Saturacion,84.09,65.33
Sala 04,L0407,0029C,Zoea 2,Saturacion,84.36,74.67
Sala 04,L0408,0029C,Zoea 2,Saturacion,84.01,66.67
Sala 04,L0409,0029C,Zoea 2,Saturacion,84.10,74.67
Sala 04,L0410,0029C,Zoea 2,Saturacion,84.15,68.00
Sala 04,L0411,0029C,Zoea 2,Saturacion,83.96,58.67
Sala 04,L0412,0029C,Zoea 2,Saturacion,84.02,66.67
Sala 05,L0501,0030C,Zoea 2,Saturacion,78.81,91.67
Sala 05,L0502,0030C,Zoea 2,Saturacion,78.99,89.58
Sala 05,L0503,0030C,Zoea 2,Saturacion,78.90,90.00
Sala 05,L0504,0030C,Zoea 2,Saturacion,78.98,83.33
Sala 05,L0505,0030C,Zoea 2,Saturacion,78.76,90.00
Sala 05,L0506,0030C,Zoea 2,Saturacion,79.03,90.00
Sala 05,L0507,0030C,Zoea 2,Saturacion,79.09,88.33
Sala 05,L0508,0030C,Zoea 2,Saturacion,78.88,90.00
Sala 05,L0509,0030C,Zoea 2,Saturacion,78.73,88.33
Sala 05,L0510,0030C,Zoea 2,Saturacion,78.73,90.00
Sala 05,L0511,0030C,Zoea 2,Saturacion,79.18,88.33
Sala 05,L0512,0030C,Zoea 2,Saturacion,79.35,90.00
Sala 04,L0401,0031C,Zoea 2,Saturacion,82.88,85.29
Sala 04,L0402,0031C,Zoea 2,Saturacion,82.78,80.88
Sala 04,L0403,0031C,Zoea 2,Saturacion,82.82,86.76
Sala 04,L0404,0031C,Zoea 2,Saturacion,82.88,76.47
Sala 04,L0405,0031C,Zoea 2,Saturacion,82.90,88.24
Sala 04,L0406,0031C,Zoea 2,Saturacion,82.75,85.29
Sala 04,L0407,0031C,Zoea 2,Saturacion,82.83,88.24
Sala 04,L0408,0031C,Zoea 2,Saturacion,82.88,85.29
Sala 04,L0409,0031C,Zoea 2,Saturacion,82.88,80.88
Sala 04,L0410,0031C,Zoea 2,Saturacion,82.71,80.88
Sala 04,L0411,0031C,Zoea 2,Saturacion,82.83,90.00
Sala 04,L0412,0031C,Zoea 2,Saturacion,82.79,92.86
Sala 05,L0501,0031C,Zoea 2,Saturacion,79.32,91.67
Sala 05,L0502,0031C,Zoea 2,Saturacion,79.77,89.58
Sala 05,L0503,0031C,Zoea 2,Saturacion,79.78,90.00
Sala 05,L0504,0031C,Zoea 2,Saturacion,79.84,83.33
Sala 05,L0505,0031C,Zoea 2,Saturacion,79.89,90.00
Sala 05,L0506,0031C,Zoea 2,Saturacion,79.27,90.00
Sala 05,L0507,0031C,Zoea 2,Saturacion,79.63,88.33
Sala 05,L0508,0031C,Zoea 2,Saturacion,79.35,90.00
Sala 05,L0509,0031C,Zoea 2,Saturacion,79.54,88.33
Sala 05,L0510,0031C,Zoea 2,Saturacion,79.59,90.00
Sala 05,L0511,0031C,Zoea 2,Saturacion,79.05,88.33
Sala 05,L0512,0031C,Zoea 2,Saturacion,79.27,90.00
Sala 04,L0401,0032C,Zoea 2,Saturacion,89.17,52.86
Sala 04,L0402,0032C,Zoea 2,Saturacion,90.00,51.43
Sala 04,L0403,0032C,Zoea 2,Saturacion,83.67,70.00
Sala 04,L0404,0032C,Zoea 2,Saturacion,82.83,72.86
Sala 04,L0405,0032C,Zoea 2,Saturacion,82.83,80.00
Sala 04,L0406,0032C,Zoea 2,Saturacion,82.83,68.57
Sala 04,L0407,0032C,Zoea 2,Saturacion,82.83,71.43
Sala 04,L0408,0032C,Zoea 2,Saturacion,82.83,78.57
Sala 04,L0409,0032C,Zoea 2,Saturacion,82.83,78.57
Sala 04,L0410,0032C,Zoea 2,Saturacion,82.83,77.14
Sala 04,L0411,0032C,Zoea 2,Saturacion,82.83,78.57
Sala 04,L0412,0032C,Zoea 2,Saturacion,82.83,81.43
Sala 05,L0501,0032C,Zoea 2,Saturacion,78.48,79.44
Sala 05,L0502,0032C,Zoea 2,Saturacion,78.56,79.51
Sala 05,L0503,0032C,Zoea 2,Saturacion,78.31,79.44
Sala 05,L0504,0032C,Zoea 2,Saturacion,78.37,81.34
Sala 05,L0505,0032C,Zoea 2,Saturacion,79.03,80.56
Sala 05,L0506,0032C,Zoea 2,Saturacion,79.28,80.28
Sala 05,L0507,0032C,Zoea 2,Saturacion,79.27,80.99
Sala 05,L0508,0032C,Zoea 2,Saturacion,79.18,78.57
Sala 05,L0509,0032C,Zoea 2,Saturacion,78.36,75.71
Sala 05,L0510,0032C,Zoea 2,Saturacion,78.24,88.33
Sala 05,L0511,0032C,Zoea 2,Saturacion,79.23,76.67
Sala 05,L0512,0032C,Zoea 2,Saturacion,78.34,88.33
Sala 07,L0701,0032C,Zoea 2,Saturacion,71.42,83.33
Sala 07,L0702,0032C,Zoea 2,Saturacion,69.58,82.05
Sala 07,L0703,0032C,Zoea 2,Saturacion,68.75,50.00
Sala 07,L0704,0032C,Zoea 2,Saturacion,69.50,93.75
Sala 07,L0705,0032C,Zoea 2,Saturacion,69.25,95.31
Sala 07,L0706,0032C,Zoea 2,Saturacion,69.00,92.19
Sala 07,L0707,0032C,Zoea 2,Saturacion,69.75,92.19
Sala 07,L0708,0032C,Zoea 2,Saturacion,71.25,96.88
Sala 07,L0709,0032C,Zoea 2,Saturacion,67.58,93.75
Sala 07,L0710,0032C,Zoea 2,Saturacion,71.42,93.75
Sala 07,L0711,0032C,Zoea 2,Saturacion,68.33,93.75
Sala 07,L0712,0032C,Zoea 2,Saturacion,71.83,96.67
Sala 07,L0713,0032C,Zoea 2,Saturacion,69.08,92.19
Sala 07,L0714,0032C,Zoea 2,Saturacion,69.33,93.75
Sala 04,L0401,0033C,Zoea 2,Saturacion,86.54,70.00
Sala 04,L0402,0033C,Zoea 2,Saturacion,86.54,70.00
Sala 04,L0403,0033C,Zoea 2,Saturacion,86.54,65.71
Sala 04,L0404,0033C,Zoea 2,Saturacion,86.56,70.00
Sala 04,L0405,0033C,Zoea 2,Saturacion,86.54,74.29
Sala 04,L0406,0033C,Zoea 2,Saturacion,86.53,70.00
Sala 04,L0407,0033C,Zoea 2,Saturacion,86.50,65.71
Sala 04,L0408,0033C,Zoea 2,Saturacion,86.50,65.71
Sala 04,L0409,0033C,Zoea 2,Saturacion,86.48,70.00
Sala 04,L0410,0033C,Zoea 2,Saturacion,86.55,70.00
Sala 04,L0411,0033C,Zoea 2,Saturacion,86.46,70.00
Sala 04,L0412,0033C,Zoea 2,Saturacion,86.46,65.71
Sala 05,L0501,0033C,Zoea 2,Saturacion,78.12,73.64
Sala 05,L0502,0033C,Zoea 2,Saturacion,77.67,75.00
Sala 05,L0503,0033C,Zoea 2,Saturacion,77.53,73.64
Sala 05,L0504,0033C,Zoea 2,Saturacion,78.20,75.00
Sala 05,L0505,0033C,Zoea 2,Saturacion,78.24,73.63
Sala 05,L0506,0033C,Zoea 2,Saturacion,78.13,74.99
Sala 05,L0507,0033C,Zoea 2,Saturacion,78.23,84.01
Sala 05,L0508,0033C,Zoea 2,Saturacion,78.13,81.01
Sala 05,L0509,0033C,Zoea 2,Saturacion,78.29,81.00
Sala 05,L0510,0033C,Zoea 2,Saturacion,78.11,82.50
Sala 05,L0511,0033C,Zoea 2,Saturacion,77.73,85.50
Sala 05,L0512,0033C,Zoea 2,Saturacion,78.43,82.50
Sala 07,L0701,0033C,Zoea 2,Saturacion,78.00,69.72
Sala 07,L0702,0033C,Zoea 2,Saturacion,77.17,74.37
Sala 07,L0703,0033C,Zoea 2,Saturacion,76.42,65.07
Sala 07,L0704,0033C,Zoea 2,Saturacion,77.17,94.44
Sala 07,L0705,0033C,Zoea 2,Saturacion,78.75,85.00
Sala 07,L0706,0033C,Zoea 2,Saturacion,78.33,85.00
Sala 07,L0707,0033C,Zoea 2,Saturacion,78.50,87.50
Sala 07,L0708,0033C,Zoea 2,Saturacion,78.08,78.21
Sala 07,L0709,0033C,Zoea 2,Saturacion,77.83,78.21
Sala 07,L0710,0033C,Zoea 2,Saturacion,78.08,60.42
Sala 07,L0711,0033C,Zoea 2,Saturacion,78.92,51.13
Sala 07,L0712,0033C,Zoea 2,Saturacion,77.33,62.25
Sala 03,L0302,0036C,Zoea 2,Saturacion,76.78,93.88
Sala 03,L0303,0036C,Zoea 2,Saturacion,76.05,93.94
Sala 03,L0304,0036C,Zoea 2,Saturacion,76.95,94.00
Sala 03,L0305,0036C,Zoea 2,Saturacion,76.20,94.00
Sala 03,L0306,0036C,Zoea 2,Saturacion,75.88,91.35
Sala 03,L0307,0036C,Zoea 2,Saturacion,75.68,92.31
Sala 03,L0308,0036C,Zoea 2,Saturacion,75.44,92.31
Sala 03,L0309,0036C,Zoea 2,Saturacion,75.57,93.27
Sala 03,L0310,0036C,Zoea 2,Saturacion,75.48,93.27
Sala 03,L0311,0036C,Zoea 2,Saturacion,75.36,92.31
Sala 03,L0312,0036C,Zoea 2,Saturacion,75.61,93.27
Sala 04,L0401,0036C,Zoea 2,Saturacion,76.28,79.29
Sala 04,L0402,0036C,Zoea 2,Saturacion,76.19,79.71
Sala 04,L0403,0036C,Zoea 2,Saturacion,76.02,87.86
Sala 04,L0404,0036C,Zoea 2,Saturacion,76.03,83.57
Sala 04,L0405,0036C,Zoea 2,Saturacion,76.10,81.43
Sala 04,L0406,0036C,Zoea 2,Saturacion,76.91,90.00
Sala 04,L0407,0036C,Zoea 2,Saturacion,78.36,86.36
Sala 04,L0408,0036C,Zoea 2,Saturacion,78.43,95.45
Sala 04,L0409,0036C,Zoea 2,Saturacion,77.48,87.31
Sala 04,L0410,0036C,Zoea 2,Saturacion,77.36,89.55
Sala 04,L0411,0036C,Zoea 2,Saturacion,77.53,85.07
Sala 04,L0412,0036C,Zoea 2,Saturacion,77.82,89.55
Sala 07,L0701,0036C,Zoea 2,Saturacion,80.67,86.84
Sala 07,L0702,0036C,Zoea 2,Saturacion,80.75,81.58
Sala 07,L0703,0036C,Zoea 2,Saturacion,81.11,83.33
Sala 07,L0704,0036C,Zoea 2,Saturacion,82.19,85.00
Sala 07,L0705,0036C,Zoea 2,Saturacion,84.03,90.00
Sala 07,L0706,0036C,Zoea 2,Saturacion,82.58,85.00
Sala 07,L0707,0036C,Zoea 2,Saturacion,82.33,76.92
Sala 07,L0708,0036C,Zoea 2,Saturacion,82.75,90.00
Sala 07,L0709,0036C,Zoea 2,Saturacion,83.83,84.62
Sala 07,L0710,0036C,Zoea 2,Saturacion,84.47,89.47
Sala 07,L0711,0036C,Zoea 2,Saturacion,82.58,85.53
Sala 07,L0712,0036C,Zoea 2,Saturacion,80.25,85.53
Sala 07,L0713,0036C,Zoea 2,Saturacion,81.33,81.58
Sala 07,L0714,0036C,Zoea 2,Saturacion,83.00,85.53
Sala 08,L0801,0036C,Zoea 2,Saturacion,81.33,92.10
Sala 08,L0802,0036C,Zoea 2,Saturacion,78.75,93.50
Sala 08,L0803,0036C,Zoea 2,Saturacion,78.92,93.50
Sala 08,L0804,0036C,Zoea 2,Saturacion,79.58,93.50
Sala 08,L0805,0036C,Zoea 2,Saturacion,77.42,93.50
Sala 08,L0806,0036C,Zoea 2,Saturacion,80.25,93.44
Sala 08,L0807,0036C,Zoea 2,Saturacion,82.00,71.16
Sala 08,L0808,0036C,Zoea 2,Saturacion,80.25,76.24
Sala 08,L0809,0036C,Zoea 2,Saturacion,80.25,80.05
Sala 08,L0810,0036C,Zoea 2,Saturacion,78.75,79.85
Sala 08,L0811,0036C,Zoea 2,Saturacion,79.42,79.75
Sala 08,L0812,0036C,Zoea 2,Saturacion,80.58,74.36
Sala 08,L0813,0036C,Zoea 2,Saturacion,79.42,79.75
Sala 08,L0814,0036C,Zoea 2,Saturacion,79.50,82.28
Sala 10,L1001,0036C,Zoea 2,Saturacion,83.80,85.91
Sala 10,L1002,0036C,Zoea 2,Saturacion,84.13,88.59
Sala 10,L1003,0036C,Zoea 2,Saturacion,84.30,88.59
Sala 10,L1004,0036C,Zoea 2,Saturacion,84.47,88.59
Sala 10,L1005,0036C,Zoea 2,Saturacion,84.44,88.59
Sala 10,L1006,0036C,Zoea 2,Saturacion,84.30,88.59
Sala 10,L1007,0036C,Zoea 2,Saturacion,84.44,80.54
Sala 10,L1008,0036C,Zoea 2,Saturacion,84.63,88.59
Sala 10,L1009,0036C,Zoea 2,Saturacion,84.13,89.19
Sala 10,L1010,0036C,Zoea 2,Saturacion,76.23,79.49
Sala 10,L1011,0036C,Zoea 2,Saturacion,76.20,82.05
Sala 10,L1012,0036C,Zoea 2,Saturacion,76.00,82.05
Sala 10,L1013,0036C,Zoea 2,Saturacion,76.07,82.05
Sala 10,L1014,0036C,Zoea 2,Saturacion,76.06,85.90
Sala 04,L0401,0029C,Zoea 3,Saturacion,84.36,80.00
Sala 04,L0402,0029C,Zoea 3,Saturacion,84.38,69.33
Sala 04,L0403,0029C,Zoea 3,Saturacion,84.39,82.67
Sala 04,L0404,0029C,Zoea 3,Saturacion,84.35,77.33
Sala 04,L0405,0029C,Zoea 3,Saturacion,84.40,73.33
Sala 04,L0406,0029C,Zoea 3,Saturacion,84.39,77.33
Sala 04,L0407,0029C,Zoea 3,Saturacion,84.38,73.33
Sala 04,L0408,0029C,Zoea 3,Saturacion,84.38,77.33
Sala 04,L0409,0029C,Zoea 3,Saturacion,84.38,70.67
Sala 04,L0410,0029C,Zoea 3,Saturacion,84.38,73.33
Sala 04,L0411,0029C,Zoea 3,Saturacion,84.40,61.33
Sala 04,L0412,0029C,Zoea 3,Saturacion,84.34,69.33
Sala 04,L0401,0030C,Zoea 3,Saturacion,82.93,81.33
Sala 04,L0402,0030C,Zoea 3,Saturacion,82.95,80.00
Sala 04,L0403,0030C,Zoea 3,Saturacion,82.96,78.67
Sala 04,L0404,0030C,Zoea 3,Saturacion,82.93,81.33
Sala 04,L0405,0030C,Zoea 3,Saturacion,82.96,78.67
Sala 04,L0406,0030C,Zoea 3,Saturacion,82.91,78.67
Sala 04,L0407,0030C,Zoea 3,Saturacion,82.95,81.33
Sala 04,L0408,0030C,Zoea 3,Saturacion,82.96,81.33
Sala 04,L0409,0030C,Zoea 3,Saturacion,82.97,78.67
Sala 04,L0410,0030C,Zoea 3,Saturacion,82.94,81.33
Sala 04,L0411,0030C,Zoea 3,Saturacion,82.96,81.33
Sala 04,L0412,0030C,Zoea 3,Saturacion,82.93,82.67
Sala 05,L0501,0030C,Zoea 3,Saturacion,78.84,87.50
Sala 05,L0502,0030C,Zoea 3,Saturacion,78.94,87.50
Sala 05,L0503,0030C,Zoea 3,Saturacion,78.92,86.67
Sala 05,L0504,0030C,Zoea 3,Saturacion,78.90,81.67
Sala 05,L0505,0030C,Zoea 3,Saturacion,78.95,86.67
Sala 05,L0506,0030C,Zoea 3,Saturacion,78.86,86.67
Sala 05,L0507,0030C,Zoea 3,Saturacion,79.07,85.00
Sala 05,L0508,0030C,Zoea 3,Saturacion,78.68,86.67
Sala 05,L0509,0030C,Zoea 3,Saturacion,78.90,85.00
Sala 05,L0510,0030C,Zoea 3,Saturacion,78.98,86.67
Sala 05,L0511,0030C,Zoea 3,Saturacion,78.71,85.00
Sala 05,L0512,0030C,Zoea 3,Saturacion,78.82,86.67
Sala 04,L0401,0031C,Zoea 3,Saturacion,83.43,83.82
Sala 04,L0402,0031C,Zoea 3,Saturacion,83.38,88.24
Sala 04,L0403,0031C,Zoea 3,Saturacion,83.44,83.82
Sala 04,L0404,0031C,Zoea 3,Saturacion,83.27,88.24
Sala 04,L0405,0031C,Zoea 3,Saturacion,83.44,83.82
Sala 04,L0406,0031C,Zoea 3,Saturacion,83.43,88.24
Sala 04,L0407,0031C,Zoea 3,Saturacion,83.38,86.76
Sala 04,L0408,0031C,Zoea 3,Saturacion,83.44,88.24
Sala 04,L0409,0031C,Zoea 3,Saturacion,83.36,86.76
Sala 04,L0410,0031C,Zoea 3,Saturacion,83.47,85.29
Sala 04,L0411,0031C,Zoea 3,Saturacion,83.35,88.57
Sala 04,L0412,0031C,Zoea 3,Saturacion,83.43,90.00
Sala 05,L0501,0031C,Zoea 3,Saturacion,80.40,87.50
Sala 05,L0502,0031C,Zoea 3,Saturacion,80.16,87.50
Sala 05,L0503,0031C,Zoea 3,Saturacion,81.06,86.67
Sala 05,L0504,0031C,Zoea 3,Saturacion,80.99,81.67
Sala 05,L0505,0031C,Zoea 3,Saturacion,81.09,86.67
Sala 05,L0506,0031C,Zoea 3,Saturacion,80.50,86.67
Sala 05,L0507,0031C,Zoea 3,Saturacion,80.93,85.00
Sala 05,L0508,0031C,Zoea 3,Saturacion,80.58,86.67
Sala 05,L0509,0031C,Zoea 3,Saturacion,79.98,85.00
Sala 05,L0510,0031C,Zoea 3,Saturacion,80.20,86.67
Sala 05,L0511,0031C,Zoea 3,Saturacion,80.30,85.00
Sala 05,L0512,0031C,Zoea 3,Saturacion,80.18,86.67
Sala 05,L0501,0032C,Zoea 3,Saturacion,79.40,77.78
Sala 05,L0502,0032C,Zoea 3,Saturacion,79.47,77.78
Sala 05,L0503,0032C,Zoea 3,Saturacion,79.41,77.78
Sala 05,L0504,0032C,Zoea 3,Saturacion,79.29,78.87
Sala 05,L0505,0032C,Zoea 3,Saturacion,79.13,78.87
Sala 05,L0506,0032C,Zoea 3,Saturacion,79.11,77.46
Sala 05,L0507,0032C,Zoea 3,Saturacion,79.18,77.46
Sala 05,L0508,0032C,Zoea 3,Saturacion,79.33,78.57
Sala 05,L0509,0032C,Zoea 3,Saturacion,79.35,75.71
Sala 05,L0510,0032C,Zoea 3,Saturacion,79.53,88.33
Sala 05,L0511,0032C,Zoea 3,Saturacion,79.22,76.67
Sala 05,L0512,0032C,Zoea 3,Saturacion,79.12,88.33
Sala 07,L0701,0032C,Zoea 3,Saturacion,68.83,78.21
Sala 07,L0702,0032C,Zoea 3,Saturacion,68.50,76.92
Sala 07,L0703,0032C,Zoea 3,Saturacion,68.83,50.00
Sala 07,L0704,0032C,Zoea 3,Saturacion,67.75,93.75
Sala 07,L0705,0032C,Zoea 3,Saturacion,68.08,95.31
Sala 07,L0706,0032C,Zoea 3,Saturacion,66.75,92.19
Sala 07,L0707,0032C,Zoea 3,Saturacion,68.08,92.19
Sala 07,L0708,0032C,Zoea 3,Saturacion,67.92,96.88
Sala 07,L0709,0032C,Zoea 3,Saturacion,68.50,93.75
Sala 07,L0710,0032C,Zoea 3,Saturacion,67.50,93.75
Sala 07,L0711,0032C,Zoea 3,Saturacion,66.92,93.75
Sala 07,L0712,0032C,Zoea 3,Saturacion,68.33,96.67
Sala 07,L0713,0032C,Zoea 3,Saturacion,67.50,92.19
Sala 07,L0714,0032C,Zoea 3,Saturacion,67.00,93.75
Sala 05,L0501,0033C,Zoea 3,Saturacion,78.91,77.73
Sala 05,L0502,0033C,Zoea 3,Saturacion,78.67,77.73
Sala 05,L0503,0033C,Zoea 3,Saturacion,78.68,77.73
Sala 05,L0504,0033C,Zoea 3,Saturacion,78.68,77.73
Sala 05,L0505,0033C,Zoea 3,Saturacion,79.08,79.08
Sala 05,L0506,0033C,Zoea 3,Saturacion,79.10,79.08
Sala 05,L0507,0033C,Zoea 3,Saturacion,78.72,82.51
Sala 05,L0508,0033C,Zoea 3,Saturacion,78.68,81.01
Sala 05,L0509,0033C,Zoea 3,Saturacion,78.78,81.00
Sala 05,L0510,0033C,Zoea 3,Saturacion,79.28,82.50
Sala 05,L0511,0033C,Zoea 3,Saturacion,78.71,84.00
Sala 05,L0512,0033C,Zoea 3,Saturacion,78.79,82.50
Sala 07,L0701,0033C,Zoea 3,Saturacion,80.08,69.72
Sala 07,L0702,0033C,Zoea 3,Saturacion,79.58,74.37
Sala 07,L0703,0033C,Zoea 3,Saturacion,84.67,65.07
Sala 07,L0704,0033C,Zoea 3,Saturacion,84.83,94.44
Sala 07,L0705,0033C,Zoea 3,Saturacion,81.83,85.00
Sala 07,L0706,0033C,Zoea 3,Saturacion,81.92,85.00
Sala 07,L0707,0033C,Zoea 3,Saturacion,81.67,87.50
Sala 07,L0708,0033C,Zoea 3,Saturacion,79.92,75.90
Sala 07,L0709,0033C,Zoea 3,Saturacion,80.33,66.41
Sala 07,L0710,0033C,Zoea 3,Saturacion,79.67,60.42
Sala 07,L0711,0033C,Zoea 3,Saturacion,82.42,51.13
Sala 07,L0712,0033C,Zoea 3,Saturacion,81.42,62.25
Sala 03,L0310,0036C,Zoea 3,Saturacion,74.32,90.38
Sala 03,L0311,0036C,Zoea 3,Saturacion,74.40,89.42
Sala 03,L0312,0036C,Zoea 3,Saturacion,74.88,90.38
Sala 04,L0401,0036C,Zoea 3,Saturacion,78.18,79.29
Sala 04,L0402,0036C,Zoea 3,Saturacion,78.26,79.71
Sala 04,L0403,0036C,Zoea 3,Saturacion,78.23,86.86
Sala 04,L0404,0036C,Zoea 3,Saturacion,78.17,80.00
Sala 04,L0405,0036C,Zoea 3,Saturacion,78.13,80.00
Sala 04,L0406,0036C,Zoea 3,Saturacion,78.18,86.86
Sala 04,L0407,0036C,Zoea 3,Saturacion,78.25,92.27
Sala 04,L0408,0036C,Zoea 3,Saturacion,78.18,79.09
Sala 04,L0409,0036C,Zoea 3,Saturacion,78.24,95.22
Sala 04,L0410,0036C,Zoea 3,Saturacion,78.21,80.07
Sala 04,L0411,0036C,Zoea 3,Saturacion,78.20,95.22
Sala 04,L0412,0036C,Zoea 3,Saturacion,78.20,82.24
Sala 06,L0601,0036C,Zoea 3,Saturacion,75.17,79.17
Sala 06,L0602,0036C,Zoea 3,Saturacion,74.92,79.17
Sala 06,L0603,0036C,Zoea 3,Saturacion,74.92,79.17
Sala 06,L0604,0036C,Zoea 3,Saturacion,75.25,80.56
Sala 06,L0605,0036C,Zoea 3,Saturacion,75.50,80.56
Sala 06,L0606,0036C,Zoea 3,Saturacion,75.25,78.57
Sala 06,L0607,0036C,Zoea 3,Saturacion,74.92,78.57
Sala 07,L0701,0036C,Zoea 3,Saturacion,84.17,85.53
Sala 07,L0702,0036C,Zoea 3,Saturacion,84.58,81.58
Sala 07,L0703,0036C,Zoea 3,Saturacion,84.08,80.56
Sala 07,L0704,0036C,Zoea 3,Saturacion,84.00,83.75
Sala 07,L0705,0036C,Zoea 3,Saturacion,84.08,86.25
Sala 07,L0706,0036C,Zoea 3,Saturacion,85.33,82.50
Sala 07,L0707,0036C,Zoea 3,Saturacion,84.17,73.08
Sala 07,L0708,0036C,Zoea 3,Saturacion,85.00,85.00
Sala 07,L0709,0036C,Zoea 3,Saturacion,84.50,82.05
Sala 07,L0710,0036C,Zoea 3,Saturacion,85.00,85.53
Sala 07,L0711,0036C,Zoea 3,Saturacion,83.83,81.58
Sala 07,L0712,0036C,Zoea 3,Saturacion,84.58,78.95
Sala 07,L0713,0036C,Zoea 3,Saturacion,84.33,72.37
Sala 07,L0714,0036C,Zoea 3,Saturacion,85.00,81.58
Sala 08,L0801,0036C,Zoea 3,Saturacion,70.25,89.31
Sala 08,L0802,0036C,Zoea 3,Saturacion,69.50,92.10
Sala 08,L0803,0036C,Zoea 3,Saturacion,69.00,92.10
Sala 08,L0804,0036C,Zoea 3,Saturacion,69.33,90.71
Sala 08,L0805,0036C,Zoea 3,Saturacion,67.67,90.71
Sala 08,L0806,0036C,Zoea 3,Saturacion,68.33,89.26
Sala 08,L0807,0036C,Zoea 3,Saturacion,70.42,76.24
Sala 08,L0808,0036C,Zoea 3,Saturacion,68.00,67.09
Sala 08,L0809,0036C,Zoea 3,Saturacion,67.92,76.24
Sala 08,L0810,0036C,Zoea 3,Saturacion,66.83,74.78
Sala 08,L0811,0036C,Zoea 3,Saturacion,69.33,75.32
Sala 08,L0812,0036C,Zoea 3,Saturacion,67.00,71.79
Sala 08,L0813,0036C,Zoea 3,Saturacion,66.75,75.95
Sala 08,L0814,0036C,Zoea 3,Saturacion,66.83,79.75
Sala 10,L1001,0036C,Zoea 3,Saturacion,74.26,84.56
Sala 10,L1002,0036C,Zoea 3,Saturacion,74.09,75.17
Sala 10,L1003,0036C,Zoea 3,Saturacion,74.26,88.59
Sala 10,L1004,0036C,Zoea 3,Saturacion,74.18,79.19
Sala 10,L1005,0036C,Zoea 3,Saturacion,74.09,85.91
Sala 10,L1006,0036C,Zoea 3,Saturacion,74.01,84.56
Sala 10,L1007,0036C,Zoea 3,Saturacion,74.09,83.22
Sala 10,L1008,0036C,Zoea 3,Saturacion,73.93,84.56
Sala 10,L1009,0036C,Zoea 3,Saturacion,74.09,85.14
Sala 10,L1010,0036C,Zoea 3,Saturacion,74.75,80.77
Sala 10,L1011,0036C,Zoea 3,Saturacion,74.92,76.92
Sala 10,L1012,0036C,Zoea 3,Saturacion,75.00,80.77
Sala 10,L1013,0036C,Zoea 3,Saturacion,74.83,76.92
Sala 10,L1014,0036C,Zoea 3,Saturacion,74.75,82.05
Sala 04,L0404,0028C,Mysis 1,Saturacion,75.72,80.00
Sala 04,L0405,0028C,Mysis 1,Saturacion,75.84,82.67
Sala 04,L0406,0028C,Mysis 1,Saturacion,75.98,80.00
Sala 04,L0407,0028C,Mysis 1,Saturacion,75.44,80.00
Sala 04,L0408,0028C,Mysis 1,Saturacion,75.65,80.00
Sala 04,L0409,0028C,Mysis 1,Saturacion,75.75,82.67
Sala 04,L0410,0028C,Mysis 1,Saturacion,75.90,84.00
Sala 04,L0411,0028C,Mysis 1,Saturacion,75.98,80.00
Sala 04,L0412,0028C,Mysis 1,Saturacion,75.83,82.67
Sala 04,L0404,0029C,Mysis 1,Saturacion,83.01,69.33
Sala 04,L0405,0029C,Mysis 1,Saturacion,83.03,66.67
Sala 04,L0406,0029C,Mysis 1,Saturacion,82.91,60.00
Sala 04,L0407,0029C,Mysis 1,Saturacion,83.07,68.00
Sala 04,L0408,0029C,Mysis 1,Saturacion,82.81,69.33
Sala 04,L0409,0029C,Mysis 1,Saturacion,82.90,60.00
Sala 04,L0410,0029C,Mysis 1,Saturacion,83.12,61.33
Sala 04,L0411,0029C,Mysis 1,Saturacion,82.96,58.67
Sala 04,L0412,0029C,Mysis 1,Saturacion,83.04,61.33
Sala 04,L0405,0030C,Mysis 1,Saturacion,81.82,77.33
Sala 04,L0406,0030C,Mysis 1,Saturacion,81.99,76.00
Sala 04,L0407,0030C,Mysis 1,Saturacion,81.93,80.00
Sala 04,L0408,0030C,Mysis 1,Saturacion,81.84,80.00
Sala 04,L0409,0030C,Mysis 1,Saturacion,82.01,77.33
Sala 04,L0410,0030C,Mysis 1,Saturacion,81.99,80.00
Sala 04,L0411,0030C,Mysis 1,Saturacion,82.02,80.00
Sala 04,L0412,0030C,Mysis 1,Saturacion,81.78,80.00
Sala 05,L0501,0030C,Mysis 1,Saturacion,78.58,83.33
Sala 05,L0502,0030C,Mysis 1,Saturacion,78.63,83.33
Sala 05,L0503,0030C,Mysis 1,Saturacion,79.27,83.33
Sala 05,L0504,0030C,Mysis 1,Saturacion,79.21,78.33
Sala 05,L0505,0030C,Mysis 1,Saturacion,78.75,83.33
Sala 05,L0506,0030C,Mysis 1,Saturacion,79.17,83.33
Sala 05,L0507,0030C,Mysis 1,Saturacion,78.47,81.67
Sala 05,L0508,0030C,Mysis 1,Saturacion,78.49,83.33
Sala 05,L0509,0030C,Mysis 1,Saturacion,79.18,81.67
Sala 05,L0510,0030C,Mysis 1,Saturacion,78.98,83.33
Sala 05,L0511,0030C,Mysis 1,Saturacion,78.42,80.00
Sala 05,L0512,0030C,Mysis 1,Saturacion,78.89,83.33
Sala 04,L0405,0031C,Mysis 1,Saturacion,82.87,80.88
Sala 04,L0406,0031C,Mysis 1,Saturacion,82.83,85.29
Sala 04,L0407,0031C,Mysis 1,Saturacion,82.83,83.82
Sala 04,L0408,0031C,Mysis 1,Saturacion,82.88,83.82
Sala 04,L0409,0031C,Mysis 1,Saturacion,82.86,82.35
Sala 04,L0410,0031C,Mysis 1,Saturacion,82.84,80.88
Sala 04,L0411,0031C,Mysis 1,Saturacion,82.84,85.71
Sala 04,L0412,0031C,Mysis 1,Saturacion,82.86,85.71
Sala 05,L0501,0031C,Mysis 1,Saturacion,78.98,83.33
Sala 05,L0502,0031C,Mysis 1,Saturacion,79.36,83.33
Sala 05,L0503,0031C,Mysis 1,Saturacion,78.97,83.33
Sala 05,L0504,0031C,Mysis 1,Saturacion,79.75,78.33
Sala 05,L0505,0031C,Mysis 1,Saturacion,79.63,83.33
Sala 05,L0506,0031C,Mysis 1,Saturacion,79.71,83.33
Sala 05,L0507,0031C,Mysis 1,Saturacion,81.97,81.67
Sala 05,L0508,0031C,Mysis 1,Saturacion,80.72,83.33
Sala 05,L0509,0031C,Mysis 1,Saturacion,78.69,81.67
Sala 05,L0510,0031C,Mysis 1,Saturacion,79.07,83.33
Sala 05,L0511,0031C,Mysis 1,Saturacion,79.45,80.00
Sala 05,L0512,0031C,Mysis 1,Saturacion,78.96,83.33
Sala 04,L0404,0032C,Mysis 1,Saturacion,74.33,80.00
Sala 04,L0405,0032C,Mysis 1,Saturacion,76.08,48.33
Sala 04,L0406,0032C,Mysis 1,Saturacion,74.33,74.29
Sala 04,L0407,0032C,Mysis 1,Saturacion,74.33,77.14
Sala 04,L0408,0032C,Mysis 1,Saturacion,74.33,77.14
Sala 04,L0409,0032C,Mysis 1,Saturacion,74.33,77.14
Sala 04,L0410,0032C,Mysis 1,Saturacion,74.33,77.14
Sala 04,L0411,0032C,Mysis 1,Saturacion,74.33,77.14
Sala 04,L0412,0032C,Mysis 1,Saturacion,74.33,74.29
Sala 05,L0501,0032C,Mysis 1,Saturacion,79.99,76.39
Sala 05,L0502,0032C,Mysis 1,Saturacion,80.18,76.39
Sala 05,L0503,0032C,Mysis 1,Saturacion,80.03,75.00
Sala 05,L0504,0032C,Mysis 1,Saturacion,80.02,77.46
Sala 05,L0505,0032C,Mysis 1,Saturacion,80.39,76.06
Sala 05,L0506,0032C,Mysis 1,Saturacion,79.85,76.06
Sala 05,L0507,0032C,Mysis 1,Saturacion,79.88,76.06
Sala 05,L0508,0032C,Mysis 1,Saturacion,79.69,77.14
Sala 05,L0509,0032C,Mysis 1,Saturacion,80.27,74.29
Sala 05,L0510,0032C,Mysis 1,Saturacion,80.20,88.33
Sala 05,L0511,0032C,Mysis 1,Saturacion,80.14,78.33
Sala 05,L0512,0032C,Mysis 1,Saturacion,80.19,88.33
Sala 07,L0701,0032C,Mysis 1,Saturacion,69.58,74.36
Sala 07,L0702,0032C,Mysis 1,Saturacion,71.17,71.79
Sala 07,L0703,0032C,Mysis 1,Saturacion,70.42,45.00
Sala 07,L0704,0032C,Mysis 1,Saturacion,70.92,76.56
Sala 07,L0705,0032C,Mysis 1,Saturacion,71.25,70.31
Sala 07,L0706,0032C,Mysis 1,Saturacion,69.58,81.25
Sala 07,L0707,0032C,Mysis 1,Saturacion,69.50,62.50
Sala 07,L0708,0032C,Mysis 1,Saturacion,70.17,89.06
Sala 07,L0709,0032C,Mysis 1,Saturacion,69.92,73.44
Sala 07,L0710,0032C,Mysis 1,Saturacion,70.75,73.44
Sala 07,L0711,0032C,Mysis 1,Saturacion,69.92,62.50
Sala 07,L0712,0032C,Mysis 1,Saturacion,70.08,86.67
Sala 07,L0713,0032C,Mysis 1,Saturacion,70.00,78.13
Sala 07,L0714,0032C,Mysis 1,Saturacion,70.42,81.25
Sala 04,L0405,0033C,Mysis 1,Saturacion,82.30,70.00
Sala 04,L0406,0033C,Mysis 1,Saturacion,82.29,67.14
Sala 04,L0407,0033C,Mysis 1,Saturacion,82.27,61.43
Sala 04,L0408,0033C,Mysis 1,Saturacion,82.37,61.43
Sala 04,L0409,0033C,Mysis 1,Saturacion,82.37,71.43
Sala 04,L0410,0033C,Mysis 1,Saturacion,82.36,61.43
Sala 04,L0411,0033C,Mysis 1,Saturacion,82.38,80.00
Sala 04,L0412,0033C,Mysis 1,Saturacion,82.38,70.00
Sala 05,L0501,0033C,Mysis 1,Saturacion,77.33,76.37
Sala 05,L0502,0033C,Mysis 1,Saturacion,77.10,76.37
Sala 05,L0503,0033C,Mysis 1,Saturacion,77.16,76.37
Sala 05,L0504,0033C,Mysis 1,Saturacion,77.49,76.37
Sala 05,L0505,0033C,Mysis 1,Saturacion,77.54,77.72
Sala 05,L0506,0033C,Mysis 1,Saturacion,77.30,77.72
Sala 05,L0507,0033C,Mysis 1,Saturacion,77.86,82.51
Sala 05,L0508,0033C,Mysis 1,Saturacion,77.83,79.51
Sala 05,L0509,0033C,Mysis 1,Saturacion,77.50,79.50
Sala 05,L0510,0033C,Mysis 1,Saturacion,77.82,81.00
Sala 05,L0511,0033C,Mysis 1,Saturacion,78.02,82.50
Sala 05,L0512,0033C,Mysis 1,Saturacion,78.09,81.00
Sala 07,L0701,0033C,Mysis 1,Saturacion,76.58,81.69
Sala 07,L0702,0033C,Mysis 1,Saturacion,76.92,70.42
Sala 07,L0703,0033C,Mysis 1,Saturacion,75.58,67.61
Sala 07,L0704,0033C,Mysis 1,Saturacion,77.42,83.33
Sala 07,L0705,0033C,Mysis 1,Saturacion,74.92,83.33
Sala 07,L0706,0033C,Mysis 1,Saturacion,76.58,83.33
Sala 07,L0707,0033C,Mysis 1,Saturacion,76.17,75.00
Sala 07,L0708,0033C,Mysis 1,Saturacion,76.33,75.64
Sala 07,L0709,0033C,Mysis 1,Saturacion,76.33,65.38
Sala 07,L0710,0033C,Mysis 1,Saturacion,74.92,59.15
Sala 07,L0711,0033C,Mysis 1,Saturacion,75.50,56.34
Sala 07,L0712,0033C,Mysis 1,Saturacion,75.17,61.97
Sala 04,L0407,0036C,Mysis 1,Saturacion,78.27,89.39
Sala 04,L0408,0036C,Mysis 1,Saturacion,78.24,78.79
Sala 04,L0409,0036C,Mysis 1,Saturacion,78.24,91.04
Sala 04,L0410,0036C,Mysis 1,Saturacion,78.27,79.10
Sala 04,L0411,0036C,Mysis 1,Saturacion,78.31,92.54
Sala 04,L0412,0036C,Mysis 1,Saturacion,78.29,80.60
Sala 05,L0501,0036C,Mysis 1,Saturacion,78.78,72.73
Sala 05,L0502,0036C,Mysis 1,Saturacion,78.94,72.73
Sala 05,L0503,0036C,Mysis 1,Saturacion,78.95,74.63
Sala 05,L0504,0036C,Mysis 1,Saturacion,78.90,74.63
Sala 05,L0505,0036C,Mysis 1,Saturacion,78.98,73.13
Sala 05,L0506,0036C,Mysis 1,Saturacion,78.85,77.61
Sala 05,L0507,0036C,Mysis 1,Saturacion,78.79,77.27
Sala 05,L0508,0036C,Mysis 1,Saturacion,78.83,72.73
Sala 05,L0509,0036C,Mysis 1,Saturacion,78.70,80.60
Sala 05,L0510,0036C,Mysis 1,Saturacion,78.98,73.13
Sala 05,L0511,0036C,Mysis 1,Saturacion,78.87,77.61
Sala 05,L0512,0036C,Mysis 1,Saturacion,78.93,76.12
Sala 06,L0601,0036C,Mysis 1,Saturacion,72.08,72.22
Sala 06,L0602,0036C,Mysis 1,Saturacion,71.17,70.83
Sala 06,L0603,0036C,Mysis 1,Saturacion,71.67,70.83
Sala 06,L0604,0036C,Mysis 1,Saturacion,71.17,76.39
Sala 06,L0605,0036C,Mysis 1,Saturacion,71.25,70.83
Sala 06,L0606,0036C,Mysis 1,Saturacion,70.75,78.57
Sala 06,L0607,0036C,Mysis 1,Saturacion,71.67,75.71
Sala 07,L0701,0036C,Mysis 1,Saturacion,81.67,84.21
Sala 07,L0702,0036C,Mysis 1,Saturacion,82.00,80.26
Sala 07,L0703,0036C,Mysis 1,Saturacion,82.33,80.56
Sala 07,L0704,0036C,Mysis 1,Saturacion,83.33,81.25
Sala 07,L0705,0036C,Mysis 1,Saturacion,83.92,82.50
Sala 07,L0706,0036C,Mysis 1,Saturacion,83.00,80.00
Sala 07,L0707,0036C,Mysis 1,Saturacion,83.83,69.23
Sala 07,L0708,0036C,Mysis 1,Saturacion,81.00,82.50
Sala 07,L0709,0036C,Mysis 1,Saturacion,84.33,79.49
Sala 07,L0710,0036C,Mysis 1,Saturacion,83.17,82.89
Sala 07,L0711,0036C,Mysis 1,Saturacion,83.33,80.26
Sala 07,L0712,0036C,Mysis 1,Saturacion,82.42,77.63
Sala 07,L0713,0036C,Mysis 1,Saturacion,83.42,72.37
Sala 07,L0714,0036C,Mysis 1,Saturacion,84.00,75.00
Sala 08,L0801,0036C,Mysis 1,Saturacion,75.92,87.50
Sala 08,L0802,0036C,Mysis 1,Saturacion,75.17,87.50
Sala 08,L0803,0036C,Mysis 1,Saturacion,73.83,90.01
Sala 08,L0804,0036C,Mysis 1,Saturacion,74.67,83.59
Sala 08,L0805,0036C,Mysis 1,Saturacion,73.58,82.89
Sala 08,L0806,0036C,Mysis 1,Saturacion,73.83,80.47
Sala 08,L0807,0036C,Mysis 1,Saturacion,77.00,71.16
Sala 08,L0808,0036C,Mysis 1,Saturacion,74.58,81.96
Sala 08,L0809,0036C,Mysis 1,Saturacion,73.92,74.97
Sala 08,L0810,0036C,Mysis 1,Saturacion,74.33,73.13
Sala 08,L0811,0036C,Mysis 1,Saturacion,74.67,70.89
Sala 08,L0812,0036C,Mysis 1,Saturacion,72.67,67.69
Sala 08,L0813,0036C,Mysis 1,Saturacion,73.67,70.89
Sala 08,L0814,0036C,Mysis 1,Saturacion,73.50,79.75
Sala 10,L1001,0036C,Mysis 1,Saturacion,75.17,85.91
Sala 10,L1002,0036C,Mysis 1,Saturacion,75.17,85.91
Sala 10,L1003,0036C,Mysis 1,Saturacion,75.17,85.91
Sala 10,L1004,0036C,Mysis 1,Saturacion,75.17,85.91
Sala 10,L1005,0036C,Mysis 1,Saturacion,75.17,84.56
Sala 10,L1006,0036C,Mysis 1,Saturacion,75.17,85.91
Sala 10,L1007,0036C,Mysis 1,Saturacion,75.17,85.91
Sala 10,L1008,0036C,Mysis 1,Saturacion,75.17,84.56
Sala 10,L1009,0036C,Mysis 1,Saturacion,75.17,85.14
Sala 10,L1010,0036C,Mysis 1,Saturacion,75.79,80.77
Sala 10,L1011,0036C,Mysis 1,Saturacion,75.29,80.77
Sala 10,L1012,0036C,Mysis 1,Saturacion,75.54,80.77
Sala 10,L1013,0036C,Mysis 1,Saturacion,76.15,80.77
Sala 10,L1014,0036C,Mysis 1,Saturacion,75.88,80.77
Sala 04,L0412,0029C,Mysis 2,Saturacion,78.72,60.00
Sala 04,L0412,0030C,Mysis 2,Saturacion,82.88,82.67
Sala 05,L0501,0030C,Mysis 2,Saturacion,78.28,83.33
Sala 05,L0502,0030C,Mysis 2,Saturacion,78.53,83.33
Sala 05,L0503,0030C,Mysis 2,Saturacion,78.56,80.00
Sala 05,L0504,0030C,Mysis 2,Saturacion,78.42,78.33
Sala 05,L0505,0030C,Mysis 2,Saturacion,78.29,80.00
Sala 05,L0506,0030C,Mysis 2,Saturacion,78.53,83.33
Sala 05,L0507,0030C,Mysis 2,Saturacion,78.63,80.00
Sala 05,L0508,0030C,Mysis 2,Saturacion,78.68,81.67
Sala 05,L0509,0030C,Mysis 2,Saturacion,78.45,81.67
Sala 05,L0510,0030C,Mysis 2,Saturacion,78.68,81.67
Sala 05,L0511,0030C,Mysis 2,Saturacion,78.63,78.33
Sala 05,L0512,0030C,Mysis 2,Saturacion,78.41,83.33
Sala 05,L0501,0031C,Mysis 2,Saturacion,79.30,83.33
Sala 05,L0502,0031C,Mysis 2,Saturacion,79.42,83.33
Sala 05,L0503,0031C,Mysis 2,Saturacion,79.78,80.00
Sala 05,L0504,0031C,Mysis 2,Saturacion,80.03,78.33
Sala 05,L0505,0031C,Mysis 2,Saturacion,79.73,80.00
Sala 05,L0506,0031C,Mysis 2,Saturacion,79.40,83.33
Sala 05,L0507,0031C,Mysis 2,Saturacion,79.55,80.00
Sala 05,L0508,0031C,Mysis 2,Saturacion,79.61,81.67
Sala 05,L0509,0031C,Mysis 2,Saturacion,79.77,81.67
Sala 05,L0510,0031C,Mysis 2,Saturacion,79.35,81.67
Sala 05,L0511,0031C,Mysis 2,Saturacion,79.66,78.33
Sala 05,L0512,0031C,Mysis 2,Saturacion,79.78,83.33
Sala 05,L0501,0032C,Mysis 2,Saturacion,79.32,75.00
Sala 05,L0502,0032C,Mysis 2,Saturacion,79.46,75.00
Sala 05,L0503,0032C,Mysis 2,Saturacion,79.34,73.61
Sala 05,L0504,0032C,Mysis 2,Saturacion,79.13,76.06
Sala 05,L0505,0032C,Mysis 2,Saturacion,79.08,74.65
Sala 05,L0506,0032C,Mysis 2,Saturacion,79.04,74.65
Sala 05,L0507,0032C,Mysis 2,Saturacion,78.75,76.06
Sala 05,L0508,0032C,Mysis 2,Saturacion,78.88,77.14
Sala 05,L0509,0032C,Mysis 2,Saturacion,78.97,74.29
Sala 05,L0510,0032C,Mysis 2,Saturacion,78.72,88.33
Sala 05,L0511,0032C,Mysis 2,Saturacion,78.97,78.33
Sala 05,L0512,0032C,Mysis 2,Saturacion,79.05,86.67
Sala 07,L0701,0032C,Mysis 2,Saturacion,68.33,71.79
Sala 07,L0702,0032C,Mysis 2,Saturacion,67.42,71.79
Sala 07,L0703,0032C,Mysis 2,Saturacion,70.67,36.25
Sala 07,L0704,0032C,Mysis 2,Saturacion,69.75,64.06
Sala 07,L0705,0032C,Mysis 2,Saturacion,70.58,78.13
Sala 07,L0706,0032C,Mysis 2,Saturacion,67.17,76.56
Sala 07,L0707,0032C,Mysis 2,Saturacion,69.08,59.38
Sala 07,L0708,0032C,Mysis 2,Saturacion,68.75,76.56
Sala 07,L0709,0032C,Mysis 2,Saturacion,68.25,68.75
Sala 07,L0710,0032C,Mysis 2,Saturacion,66.92,62.50
Sala 07,L0711,0032C,Mysis 2,Saturacion,66.42,65.63
Sala 07,L0712,0032C,Mysis 2,Saturacion,66.50,75.00
Sala 07,L0713,0032C,Mysis 2,Saturacion,67.42,68.75
Sala 07,L0714,0032C,Mysis 2,Saturacion,67.42,79.69
Sala 07,L0701,0033C,Mysis 2,Saturacion,75.25,73.24
Sala 07,L0702,0033C,Mysis 2,Saturacion,74.75,70.42
Sala 07,L0703,0033C,Mysis 2,Saturacion,75.50,67.61
Sala 07,L0704,0033C,Mysis 2,Saturacion,74.83,77.78
Sala 07,L0705,0033C,Mysis 2,Saturacion,74.00,72.22
Sala 07,L0706,0033C,Mysis 2,Saturacion,74.50,80.56
Sala 07,L0707,0033C,Mysis 2,Saturacion,75.33,75.00
Sala 07,L0708,0033C,Mysis 2,Saturacion,74.67,75.64
Sala 07,L0709,0033C,Mysis 2,Saturacion,74.83,65.38
Sala 07,L0710,0033C,Mysis 2,Saturacion,75.33,63.38
Sala 07,L0711,0033C,Mysis 2,Saturacion,76.00,63.38
Sala 07,L0712,0033C,Mysis 2,Saturacion,74.00,63.38
Sala 05,L0501,0036C,Mysis 2,Saturacion,78.83,72.73
Sala 05,L0502,0036C,Mysis 2,Saturacion,78.69,78.79
Sala 05,L0503,0036C,Mysis 2,Saturacion,78.88,76.12
Sala 05,L0504,0036C,Mysis 2,Saturacion,78.88,83.58
Sala 05,L0505,0036C,Mysis 2,Saturacion,78.88,71.64
Sala 05,L0506,0036C,Mysis 2,Saturacion,78.60,80.60
Sala 05,L0507,0036C,Mysis 2,Saturacion,78.59,68.18
Sala 05,L0508,0036C,Mysis 2,Saturacion,78.68,72.73
Sala 05,L0509,0036C,Mysis 2,Saturacion,78.74,77.61
Sala 05,L0510,0036C,Mysis 2,Saturacion,78.72,71.64
Sala 05,L0511,0036C,Mysis 2,Saturacion,78.79,71.64
Sala 05,L0512,0036C,Mysis 2,Saturacion,78.88,73.13
Sala 06,L0601,0036C,Mysis 2,Saturacion,73.83,70.83
Sala 06,L0602,0036C,Mysis 2,Saturacion,73.75,69.44
Sala 06,L0603,0036C,Mysis 2,Saturacion,73.50,69.44
Sala 06,L0604,0036C,Mysis 2,Saturacion,73.42,75.00
Sala 06,L0605,0036C,Mysis 2,Saturacion,73.42,69.44
Sala 06,L0606,0036C,Mysis 2,Saturacion,73.58,75.71
Sala 06,L0607,0036C,Mysis 2,Saturacion,73.83,74.29
Sala 07,L0701,0036C,Mysis 2,Saturacion,83.67,82.89
Sala 07,L0702,0036C,Mysis 2,Saturacion,83.67,78.95
Sala 07,L0703,0036C,Mysis 2,Saturacion,83.08,80.56
Sala 07,L0704,0036C,Mysis 2,Saturacion,82.75,80.00
Sala 07,L0705,0036C,Mysis 2,Saturacion,84.92,81.25
Sala 07,L0706,0036C,Mysis 2,Saturacion,85.00,78.75
Sala 07,L0707,0036C,Mysis 2,Saturacion,82.67,69.23
Sala 07,L0708,0036C,Mysis 2,Saturacion,83.00,81.25
Sala 07,L0709,0036C,Mysis 2,Saturacion,82.25,78.21
Sala 07,L0710,0036C,Mysis 2,Saturacion,82.33,81.58
Sala 07,L0711,0036C,Mysis 2,Saturacion,82.50,81.58
Sala 07,L0712,0036C,Mysis 2,Saturacion,84.00,75.00
Sala 07,L0713,0036C,Mysis 2,Saturacion,83.33,72.37
Sala 07,L0714,0036C,Mysis 2,Saturacion,83.50,73.68
Sala 08,L0801,0036C,Mysis 2,Saturacion,76.75,87.92
Sala 08,L0802,0036C,Mysis 2,Saturacion,76.25,83.03
Sala 08,L0803,0036C,Mysis 2,Saturacion,74.92,87.92
Sala 08,L0804,0036C,Mysis 2,Saturacion,75.00,87.92
Sala 08,L0805,0036C,Mysis 2,Saturacion,75.92,83.03
Sala 08,L0806,0036C,Mysis 2,Saturacion,75.00,78.10
Sala 08,L0807,0036C,Mysis 2,Saturacion,76.00,84.60
Sala 08,L0808,0036C,Mysis 2,Saturacion,76.17,76.24
Sala 08,L0809,0036C,Mysis 2,Saturacion,75.25,74.97
Sala 08,L0810,0036C,Mysis 2,Saturacion,75.08,73.13
Sala 08,L0811,0036C,Mysis 2,Saturacion,74.92,68.35
Sala 08,L0812,0036C,Mysis 2,Saturacion,75.58,65.38
Sala 08,L0813,0036C,Mysis 2,Saturacion,75.17,69.62
Sala 08,L0814,0036C,Mysis 2,Saturacion,76.08,78.48
Sala 10,L1001,0036C,Mysis 2,Saturacion,75.51,84.56
Sala 10,L1002,0036C,Mysis 2,Saturacion,76.20,84.56
Sala 10,L1003,0036C,Mysis 2,Saturacion,75.61,81.88
Sala 10,L1004,0036C,Mysis 2,Saturacion,75.89,81.88
Sala 10,L1005,0036C,Mysis 2,Saturacion,76.04,84.56
Sala 10,L1006,0036C,Mysis 2,Saturacion,75.61,80.54
Sala 10,L1007,0036C,Mysis 2,Saturacion,76.20,80.54
Sala 10,L1008,0036C,Mysis 2,Saturacion,75.78,81.88
Sala 10,L1009,0036C,Mysis 2,Saturacion,75.55,85.14
Sala 10,L1010,0036C,Mysis 2,Saturacion,76.42,70.51
Sala 10,L1011,0036C,Mysis 2,Saturacion,76.60,67.95
Sala 10,L1012,0036C,Mysis 2,Saturacion,76.38,70.51
Sala 10,L1013,0036C,Mysis 2,Saturacion,76.92,67.95
Sala 10,L1014,0036C,Mysis 2,Saturacion,77.22,70.51
Sala 05,L0506,0030C,Mysis 3,Saturacion,78.75,81.67
Sala 05,L0507,0030C,Mysis 3,Saturacion,78.49,78.33
Sala 05,L0508,0030C,Mysis 3,Saturacion,78.52,80.00
Sala 05,L0509,0030C,Mysis 3,Saturacion,78.71,80.00
Sala 05,L0510,0030C,Mysis 3,Saturacion,78.50,80.00
Sala 05,L0511,0030C,Mysis 3,Saturacion,78.56,75.00
Sala 05,L0512,0030C,Mysis 3,Saturacion,78.63,81.67
Sala 05,L0506,0031C,Mysis 3,Saturacion,79.63,81.67
Sala 05,L0507,0031C,Mysis 3,Saturacion,79.33,78.33
Sala 05,L0508,0031C,Mysis 3,Saturacion,80.26,80.00
Sala 05,L0509,0031C,Mysis 3,Saturacion,79.84,80.00
Sala 05,L0510,0031C,Mysis 3,Saturacion,79.19,80.00
Sala 05,L0511,0031C,Mysis 3,Saturacion,79.72,75.00
Sala 05,L0512,0031C,Mysis 3,Saturacion,80.86,81.67
Sala 07,L0701,0032C,Mysis 3,Saturacion,68.42,62.82
Sala 07,L0702,0032C,Mysis 3,Saturacion,68.33,62.82
Sala 07,L0703,0032C,Mysis 3,Saturacion,69.00,36.25
Sala 07,L0704,0032C,Mysis 3,Saturacion,68.92,62.50
Sala 07,L0705,0032C,Mysis 3,Saturacion,69.33,75.00
Sala 07,L0706,0032C,Mysis 3,Saturacion,68.50,76.56
Sala 07,L0707,0032C,Mysis 3,Saturacion,68.42,62.50
Sala 07,L0708,0032C,Mysis 3,Saturacion,68.75,76.56
Sala 07,L0709,0032C,Mysis 3,Saturacion,68.50,70.31
Sala 07,L0710,0032C,Mysis 3,Saturacion,69.33,65.63
Sala 07,L0711,0032C,Mysis 3,Saturacion,68.67,57.81
Sala 07,L0712,0032C,Mysis 3,Saturacion,68.58,73.33
Sala 07,L0713,0032C,Mysis 3,Saturacion,68.67,70.31
Sala 07,L0714,0032C,Mysis 3,Saturacion,69.33,79.69
Sala 05,L0507,0033C,Mysis 3,Saturacion,78.85,81.01
Sala 05,L0508,0033C,Mysis 3,Saturacion,78.83,79.51
Sala 05,L0509,0033C,Mysis 3,Saturacion,78.75,79.50
Sala 05,L0510,0033C,Mysis 3,Saturacion,78.98,79.50
Sala 05,L0511,0033C,Mysis 3,Saturacion,78.60,81.00
Sala 05,L0512,0033C,Mysis 3,Saturacion,78.99,79.50
Sala 07,L0701,0033C,Mysis 3,Saturacion,75.42,70.42
Sala 07,L0702,0033C,Mysis 3,Saturacion,76.25,70.42
Sala 07,L0703,0033C,Mysis 3,Saturacion,74.08,67.61
Sala 07,L0704,0033C,Mysis 3,Saturacion,76.33,77.78
Sala 07,L0705,0033C,Mysis 3,Saturacion,74.92,72.22
Sala 07,L0706,0033C,Mysis 3,Saturacion,75.50,77.78
Sala 07,L0707,0033C,Mysis 3,Saturacion,76.83,75.00
Sala 07,L0708,0033C,Mysis 3,Saturacion,74.92,66.67
Sala 07,L0709,0033C,Mysis 3,Saturacion,75.92,64.10
Sala 07,L0710,0033C,Mysis 3,Saturacion,74.67,63.38
Sala 07,L0711,0033C,Mysis 3,Saturacion,73.50,63.38
Sala 07,L0712,0033C,Mysis 3,Saturacion,73.92,63.38
Sala 05,L0507,0036C,Mysis 3,Saturacion,78.35,66.67
Sala 05,L0508,0036C,Mysis 3,Saturacion,78.33,71.21
Sala 05,L0509,0036C,Mysis 3,Saturacion,78.28,76.12
Sala 05,L0510,0036C,Mysis 3,Saturacion,78.28,70.15
Sala 05,L0511,0036C,Mysis 3,Saturacion,78.28,70.15
Sala 05,L0512,0036C,Mysis 3,Saturacion,78.33,73.13
Sala 07,L0701,0036C,Mysis 3,Saturacion,81.92,80.26
Sala 07,L0702,0036C,Mysis 3,Saturacion,82.08,78.95
Sala 07,L0703,0036C,Mysis 3,Saturacion,83.42,80.56
Sala 07,L0704,0036C,Mysis 3,Saturacion,82.33,77.50
Sala 07,L0705,0036C,Mysis 3,Saturacion,82.42,77.50
Sala 07,L0706,0036C,Mysis 3,Saturacion,82.33,76.25
Sala 07,L0707,0036C,Mysis 3,Saturacion,81.83,69.23
Sala 07,L0708,0036C,Mysis 3,Saturacion,82.42,76.25
Sala 07,L0709,0036C,Mysis 3,Saturacion,82.17,76.92
Sala 07,L0710,0036C,Mysis 3,Saturacion,82.92,78.95
Sala 07,L0711,0036C,Mysis 3,Saturacion,82.58,78.95
Sala 07,L0712,0036C,Mysis 3,Saturacion,81.00,72.37
Sala 07,L0713,0036C,Mysis 3,Saturacion,81.75,72.37
Sala 07,L0714,0036C,Mysis 3,Saturacion,81.92,72.37
Sala 08,L0801,0036C,Mysis 3,Saturacion,74.92,82.33
Sala 08,L0802,0036C,Mysis 3,Saturacion,75.00,87.92
Sala 08,L0803,0036C,Mysis 3,Saturacion,75.00,78.15
Sala 08,L0804,0036C,Mysis 3,Saturacion,75.50,78.15
Sala 08,L0805,0036C,Mysis 3,Saturacion,77.08,76.75
Sala 08,L0806,0036C,Mysis 3,Saturacion,75.92,80.54
Sala 08,L0807,0036C,Mysis 3,Saturacion,76.92,67.34
Sala 08,L0808,0036C,Mysis 3,Saturacion,73.92,71.16
Sala 08,L0809,0036C,Mysis 3,Saturacion,76.25,70.52
Sala 08,L0810,0036C,Mysis 3,Saturacion,75.25,69.71
Sala 08,L0811,0036C,Mysis 3,Saturacion,75.42,67.09
Sala 08,L0812,0036C,Mysis 3,Saturacion,74.42,67.31
Sala 08,L0813,0036C,Mysis 3,Saturacion,74.58,70.89
Sala 08,L0814,0036C,Mysis 3,Saturacion,75.08,70.89
Sala 10,L1001,0036C,Mysis 3,Saturacion,76.83,76.51
Sala 10,L1002,0036C,Mysis 3,Saturacion,77.47,83.22
Sala 10,L1003,0036C,Mysis 3,Saturacion,77.55,75.17
Sala 10,L1004,0036C,Mysis 3,Saturacion,77.13,73.83
Sala 10,L1005,0036C,Mysis 3,Saturacion,77.33,79.19
Sala 10,L1006,0036C,Mysis 3,Saturacion,77.59,79.19
Sala 10,L1007,0036C,Mysis 3,Saturacion,77.92,76.51
Sala 10,L1008,0036C,Mysis 3,Saturacion,78.18,76.51
Sala 10,L1009,0036C,Mysis 3,Saturacion,78.08,79.73
Sala 10,L1010,0036C,Mysis 3,Saturacion,76.25,69.23
Sala 10,L1011,0036C,Mysis 3,Saturacion,76.42,66.67
Sala 10,L1012,0036C,Mysis 3,Saturacion,76.25,69.23
Sala 10,L1013,0036C,Mysis 3,Saturacion,75.92,66.67
Sala 10,L1014,0036C,Mysis 3,Saturacion,75.75,69.23
Sala 05,L0512,0030C,Postlarva 1,Saturacion,78.73,80.00
Sala 05,L0512,0031C,Postlarva 1,Saturacion,80.05,80.00
Sala 05,L0512,0032C,Postlarva 1,Saturacion,79.25,85.00
Sala 07,L0701,0032C,Postlarva 1,Saturacion,63.08,61.54
Sala 07,L0702,0032C,Postlarva 1,Saturacion,62.42,60.26
Sala 07,L0703,0032C,Postlarva 1,Saturacion,63.33,35.00
Sala 07,L0704,0032C,Postlarva 1,Saturacion,62.67,56.25
Sala 07,L0705,0032C,Postlarva 1,Saturacion,63.67,71.88
Sala 07,L0706,0032C,Postlarva 1,Saturacion,63.00,73.44
Sala 07,L0707,0032C,Postlarva 1,Saturacion,63.92,56.25
Sala 07,L0708,0032C,Postlarva 1,Saturacion,64.58,76.56
Sala 07,L0709,0032C,Postlarva 1,Saturacion,63.75,70.31
Sala 07,L0710,0032C,Postlarva 1,Saturacion,64.00,64.06
Sala 07,L0711,0032C,Postlarva 1,Saturacion,63.67,54.69
Sala 07,L0712,0032C,Postlarva 1,Saturacion,64.00,70.00
Sala 07,L0713,0032C,Postlarva 1,Saturacion,64.00,65.63
Sala 07,L0714,0032C,Postlarva 1,Saturacion,63.17,73.44
Sala 05,L0512,0033C,Postlarva 1,Saturacion,78.30,78.00
Sala 07,L0701,0033C,Postlarva 1,Saturacion,74.58,69.01
Sala 07,L0702,0033C,Postlarva 1,Saturacion,74.50,69.01
Sala 07,L0703,0033C,Postlarva 1,Saturacion,75.08,67.61
Sala 07,L0704,0033C,Postlarva 1,Saturacion,75.00,75.00
Sala 07,L0705,0033C,Postlarva 1,Saturacion,74.83,70.83
Sala 07,L0706,0033C,Postlarva 1,Saturacion,75.75,76.39
Sala 07,L0707,0033C,Postlarva 1,Saturacion,75.42,73.53
Sala 07,L0708,0033C,Postlarva 1,Saturacion,74.00,66.67
Sala 07,L0709,0033C,Postlarva 1,Saturacion,74.00,64.10
Sala 07,L0710,0033C,Postlarva 1,Saturacion,73.75,61.97
Sala 07,L0711,0033C,Postlarva 1,Saturacion,74.33,61.97
Sala 07,L0712,0033C,Postlarva 1,Saturacion,74.33,61.97
Sala 06,L0602,0036C,Postlarva 1,Saturacion,75.67,66.67
Sala 06,L0603,0036C,Postlarva 1,Saturacion,75.17,66.67
Sala 06,L0604,0036C,Postlarva 1,Saturacion,76.33,72.22
Sala 06,L0605,0036C,Postlarva 1,Saturacion,75.58,66.67
Sala 06,L0606,0036C,Postlarva 1,Saturacion,76.25,72.86
Sala 06,L0607,0036C,Postlarva 1,Saturacion,75.42,71.43
Sala 07,L0701,0036C,Postlarva 1,Saturacion,81.75,78.95
Sala 07,L0702,0036C,Postlarva 1,Saturacion,82.67,76.32
Sala 07,L0703,0036C,Postlarva 1,Saturacion,83.00,77.78
Sala 07,L0704,0036C,Postlarva 1,Saturacion,84.17,75.00
Sala 07,L0705,0036C,Postlarva 1,Saturacion,83.58,75.00
Sala 07,L0706,0036C,Postlarva 1,Saturacion,83.42,72.50
Sala 07,L0707,0036C,Postlarva 1,Saturacion,83.42,66.67
Sala 07,L0708,0036C,Postlarva 1,Saturacion,84.92,72.50
Sala 07,L0709,0036C,Postlarva 1,Saturacion,83.42,74.36
Sala 07,L0710,0036C,Postlarva 1,Saturacion,82.25,76.32
Sala 07,L0711,0036C,Postlarva 1,Saturacion,82.83,76.32
Sala 07,L0712,0036C,Postlarva 1,Saturacion,81.83,69.74
Sala 07,L0713,0036C,Postlarva 1,Saturacion,81.67,69.74
Sala 07,L0714,0036C,Postlarva 1,Saturacion,82.25,69.74
Sala 08,L0801,0036C,Postlarva 1,Saturacion,73.83,80.94
Sala 08,L0802,0036C,Postlarva 1,Saturacion,73.67,86.52
Sala 08,L0803,0036C,Postlarva 1,Saturacion,69.83,76.75
Sala 08,L0804,0036C,Postlarva 1,Saturacion,70.67,76.75
Sala 08,L0805,0036C,Postlarva 1,Saturacion,70.83,75.36
Sala 08,L0806,0036C,Postlarva 1,Saturacion,70.83,79.08
Sala 08,L0807,0036C,Postlarva 1,Saturacion,71.92,66.07
Sala 08,L0808,0036C,Postlarva 1,Saturacion,70.75,69.89
Sala 08,L0809,0036C,Postlarva 1,Saturacion,69.08,69.25
Sala 08,L0810,0036C,Postlarva 1,Saturacion,69.50,68.44
Sala 08,L0811,0036C,Postlarva 1,Saturacion,70.00,67.09
Sala 08,L0812,0036C,Postlarva 1,Saturacion,70.50,66.67
Sala 08,L0813,0036C,Postlarva 1,Saturacion,71.75,69.62
Sala 08,L0814,0036C,Postlarva 1,Saturacion,70.42,69.62
Sala 10,L1001,0036C,Postlarva 1,Saturacion,75.42,73.83
Sala 10,L1002,0036C,Postlarva 1,Saturacion,75.58,80.54
Sala 10,L1003,0036C,Postlarva 1,Saturacion,75.58,73.83
Sala 10,L1004,0036C,Postlarva 1,Saturacion,75.17,72.48
Sala 10,L1005,0036C,Postlarva 1,Saturacion,75.75,77.85
Sala 10,L1006,0036C,Postlarva 1,Saturacion,75.33,77.85
Sala 10,L1007,0036C,Postlarva 1,Saturacion,75.17,75.17
Sala 10,L1008,0036C,Postlarva 1,Saturacion,75.75,75.17
Sala 10,L1009,0036C,Postlarva 1,Saturacion,75.67,78.38
Sala 10,L1010,0036C,Postlarva 1,Saturacion,75.11,66.67
Sala 10,L1011,0036C,Postlarva 1,Saturacion,75.11,64.10
Sala 10,L1012,0036C,Postlarva 1,Saturacion,75.10,66.67
Sala 10,L1013,0036C,Postlarva 1,Saturacion,75.09,64.10
Sala 10,L1014,0036C,Postlarva 1,Saturacion,75.09,66.67
Sala 07,L0701,0032C,Postlarva 2,Saturacion,63.75,60.26
Sala 07,L0702,0032C,Postlarva 2,Saturacion,62.67,58.97
Sala 07,L0703,0032C,Postlarva 2,Saturacion,64.00,35.00
Sala 07,L0704,0032C,Postlarva 2,Saturacion,64.67,56.25
Sala 07,L0705,0032C,Postlarva 2,Saturacion,65.17,70.31
Sala 07,L0706,0032C,Postlarva 2,Saturacion,66.25,70.31
Sala 07,L0707,0032C,Postlarva 2,Saturacion,65.92,54.69
Sala 07,L0708,0032C,Postlarva 2,Saturacion,65.83,75.00
Sala 07,L0709,0032C,Postlarva 2,Saturacion,65.00,70.31
Sala 07,L0710,0032C,Postlarva 2,Saturacion,63.75,62.50
Sala 07,L0711,0032C,Postlarva 2,Saturacion,64.33,54.69
Sala 07,L0712,0032C,Postlarva 2,Saturacion,64.50,68.33
Sala 07,L0713,0032C,Postlarva 2,Saturacion,64.25,62.50
Sala 07,L0714,0032C,Postlarva 2,Saturacion,63.58,71.88
Sala 07,L0701,0033C,Postlarva 2,Saturacion,74.75,67.61
Sala 07,L0702,0033C,Postlarva 2,Saturacion,73.75,67.61
Sala 07,L0703,0033C,Postlarva 2,Saturacion,74.33,66.20
Sala 07,L0704,0033C,Postlarva 2,Saturacion,72.33,73.61
Sala 07,L0705,0033C,Postlarva 2,Saturacion,72.42,69.44
Sala 07,L0706,0033C,Postlarva 2,Saturacion,74.00,75.00
Sala 07,L0707,0033C,Postlarva 2,Saturacion,76.25,72.06
Sala 07,L0708,0033C,Postlarva 2,Saturacion,75.08,65.38
Sala 07,L0709,0033C,Postlarva 2,Saturacion,76.33,62.82
Sala 07,L0710,0033C,Postlarva 2,Saturacion,75.67,61.97
Sala 07,L0711,0033C,Postlarva 2,Saturacion,74.50,60.56
Sala 07,L0712,0033C,Postlarva 2,Saturacion,74.92,61.97
Sala 08,L0801,0036C,Postlarva 2,Saturacion,74.75,80.44
Sala 08,L0802,0036C,Postlarva 2,Saturacion,74.50,85.86
Sala 08,L0803,0036C,Postlarva 2,Saturacion,72.67,76.22
Sala 08,L0804,0036C,Postlarva 2,Saturacion,73.92,76.12
Sala 08,L0805,0036C,Postlarva 2,Saturacion,74.25,74.85
Sala 08,L0806,0036C,Postlarva 2,Saturacion,74.33,77.63
Sala 08,L0807,0036C,Postlarva 2,Saturacion,73.00,65.49
Sala 08,L0808,0036C,Postlarva 2,Saturacion,73.50,69.40
Sala 08,L0809,0036C,Postlarva 2,Saturacion,74.33,67.89
Sala 08,L0810,0036C,Postlarva 2,Saturacion,75.08,67.87
Sala 08,L0811,0036C,Postlarva 2,Saturacion,74.08,66.63
Sala 08,L0812,0036C,Postlarva 2,Saturacion,73.83,66.21
Sala 08,L0813,0036C,Postlarva 2,Saturacion,74.33,69.19
Sala 08,L0814,0036C,Postlarva 2,Saturacion,74.42,69.22
Sala 10,L1001,0036C,Postlarva 2,Saturacion,76.99,67.11
Sala 10,L1002,0036C,Postlarva 2,Saturacion,76.19,77.85
Sala 10,L1003,0036C,Postlarva 2,Saturacion,76.04,71.14
Sala 10,L1004,0036C,Postlarva 2,Saturacion,76.09,71.14
Sala 10,L1005,0036C,Postlarva 2,Saturacion,76.12,75.17
Sala 10,L1006,0036C,Postlarva 2,Saturacion,76.11,75.17
Sala 10,L1007,0036C,Postlarva 2,Saturacion,76.20,72.48
Sala 10,L1008,0036C,Postlarva 2,Saturacion,76.12,72.48
Sala 10,L1009,0036C,Postlarva 2,Saturacion,75.71,75.68
Sala 10,L1010,0036C,Postlarva 2,Saturacion,69.26,65.38
Sala 10,L1011,0036C,Postlarva 2,Saturacion,69.70,62.82
Sala 10,L1012,0036C,Postlarva 2,Saturacion,69.99,66.41
Sala 10,L1013,0036C,Postlarva 2,Saturacion,70.56,62.82
Sala 10,L1014,0036C,Postlarva 2,Saturacion,69.66,65.38
Sala 07,L0701,0032C,Postlarva 3,Saturacion,70.83,57.69
Sala 07,L0702,0032C,Postlarva 3,Saturacion,71.00,57.69
Sala 07,L0703,0032C,Postlarva 3,Saturacion,70.42,35.00
Sala 07,L0704,0032C,Postlarva 3,Saturacion,70.25,54.69
Sala 07,L0705,0032C,Postlarva 3,Saturacion,70.17,67.19
Sala 07,L0706,0032C,Postlarva 3,Saturacion,70.75,67.19
Sala 07,L0707,0032C,Postlarva 3,Saturacion,69.75,53.13
Sala 07,L0708,0032C,Postlarva 3,Saturacion,70.00,71.88
Sala 07,L0709,0032C,Postlarva 3,Saturacion,69.39,67.19
Sala 07,L0710,0032C,Postlarva 3,Saturacion,70.97,62.50
Sala 07,L0711,0032C,Postlarva 3,Saturacion,70.79,54.69
Sala 07,L0712,0032C,Postlarva 3,Saturacion,70.83,66.67
Sala 07,L0713,0032C,Postlarva 3,Saturacion,70.75,62.50
Sala 07,L0714,0032C,Postlarva 3,Saturacion,70.50,68.75
Sala 07,L0701,0033C,Postlarva 3,Saturacion,74.00,66.20
Sala 07,L0702,0033C,Postlarva 3,Saturacion,71.33,66.20
Sala 07,L0703,0033C,Postlarva 3,Saturacion,69.83,66.20
Sala 07,L0704,0033C,Postlarva 3,Saturacion,70.92,69.44
Sala 07,L0705,0033C,Postlarva 3,Saturacion,70.83,68.06
Sala 07,L0706,0033C,Postlarva 3,Saturacion,69.25,72.22
Sala 07,L0707,0033C,Postlarva 3,Saturacion,70.25,70.59
Sala 07,L0708,0033C,Postlarva 3,Saturacion,73.92,62.82
Sala 07,L0709,0033C,Postlarva 3,Saturacion,72.92,61.54
Sala 07,L0710,0033C,Postlarva 3,Saturacion,73.25,61.97
Sala 07,L0711,0033C,Postlarva 3,Saturacion,69.83,60.56
Sala 07,L0712,0033C,Postlarva 3,Saturacion,71.08,61.97
Sala 07,L0701,0036C,Postlarva 3,Saturacion,73.58,73.68
Sala 07,L0702,0036C,Postlarva 3,Saturacion,74.75,71.05
Sala 07,L0703,0036C,Postlarva 3,Saturacion,75.50,72.22
Sala 07,L0704,0036C,Postlarva 3,Saturacion,77.08,70.00
Sala 07,L0705,0036C,Postlarva 3,Saturacion,77.00,70.00
Sala 07,L0706,0036C,Postlarva 3,Saturacion,76.42,67.50
Sala 07,L0707,0036C,Postlarva 3,Saturacion,74.25,64.10
Sala 07,L0708,0036C,Postlarva 3,Saturacion,73.92,67.50
Sala 07,L0709,0036C,Postlarva 3,Saturacion,74.42,69.23
Sala 07,L0710,0036C,Postlarva 3,Saturacion,76.08,71.05
Sala 07,L0711,0036C,Postlarva 3,Saturacion,76.42,71.05
Sala 07,L0712,0036C,Postlarva 3,Saturacion,75.17,65.79
Sala 07,L0713,0036C,Postlarva 3,Saturacion,76.67,65.79
Sala 07,L0714,0036C,Postlarva 3,Saturacion,75.00,65.79
Sala 08,L0801,0036C,Postlarva 3,Saturacion,75.08,73.96
Sala 08,L0802,0036C,Postlarva 3,Saturacion,75.25,82.33
Sala 08,L0803,0036C,Postlarva 3,Saturacion,74.33,69.77
Sala 08,L0804,0036C,Postlarva 3,Saturacion,75.50,71.17
Sala 08,L0805,0036C,Postlarva 3,Saturacion,74.00,69.77
Sala 08,L0806,0036C,Postlarva 3,Saturacion,74.75,73.92
Sala 08,L0807,0036C,Postlarva 3,Saturacion,74.08,63.53
Sala 08,L0808,0036C,Postlarva 3,Saturacion,74.25,64.80
Sala 08,L0809,0036C,Postlarva 3,Saturacion,73.75,64.80
Sala 08,L0810,0036C,Postlarva 3,Saturacion,73.25,65.27
Sala 08,L0811,0036C,Postlarva 3,Saturacion,74.00,64.56
Sala 08,L0812,0036C,Postlarva 3,Saturacion,74.50,64.10
Sala 08,L0813,0036C,Postlarva 3,Saturacion,73.00,64.56
Sala 08,L0814,0036C,Postlarva 3,Saturacion,74.92,64.56
Sala 10,L1001,0036C,Postlarva 3,Saturacion,60.66,64.43
Sala 10,L1002,0036C,Postlarva 3,Saturacion,60.19,75.17
Sala 10,L1003,0036C,Postlarva 3,Saturacion,61.03,69.80
Sala 10,L1004,0036C,Postlarva 3,Saturacion,61.56,68.46
Sala 10,L1005,0036C,Postlarva 3,Saturacion,62.32,73.83
Sala 10,L1006,0036C,Postlarva 3,Saturacion,61.49,73.83
Sala 10,L1007,0036C,Postlarva 3,Saturacion,61.98,71.14
Sala 10,L1008,0036C,Postlarva 3,Saturacion,62.71,71.14
Sala 10,L1009,0036C,Postlarva 3,Saturacion,63.47,74.32
Sala 10,L1010,0036C,Postlarva 3,Saturacion,73.98,64.10
Sala 10,L1011,0036C,Postlarva 3,Saturacion,74.86,61.54
Sala 10,L1012,0036C,Postlarva 3,Saturacion,74.03,64.10
Sala 10,L1013,0036C,Postlarva 3,Saturacion,74.28,61.54
Sala 10,L1014,0036C,Postlarva 3,Saturacion,73.62,64.10
Sala 07,L0706,0032C,Postlarva 4,Saturacion,81.83,64.06
Sala 07,L0707,0032C,Postlarva 4,Saturacion,82.00,51.56
Sala 07,L0708,0032C,Postlarva 4,Saturacion,82.42,68.75
Sala 07,L0709,0032C,Postlarva 4,Saturacion,83.00,64.06
Sala 07,L0710,0032C,Postlarva 4,Saturacion,83.08,60.94
Sala 07,L0711,0032C,Postlarva 4,Saturacion,84.00,54.69
Sala 07,L0712,0032C,Postlarva 4,Saturacion,81.75,65.00
Sala 07,L0713,0032C,Postlarva 4,Saturacion,82.67,60.94
Sala 07,L0714,0032C,Postlarva 4,Saturacion,82.58,65.63
Sala 07,L0705,0033C,Postlarva 4,Saturacion,72.00,65.28
Sala 07,L0706,0033C,Postlarva 4,Saturacion,72.33,69.44
Sala 07,L0707,0033C,Postlarva 4,Saturacion,71.58,67.65
Sala 07,L0708,0033C,Postlarva 4,Saturacion,71.75,61.54
Sala 07,L0709,0033C,Postlarva 4,Saturacion,71.83,61.54
Sala 07,L0710,0033C,Postlarva 4,Saturacion,71.25,61.97
Sala 07,L0711,0033C,Postlarva 4,Saturacion,72.42,60.56
Sala 07,L0712,0033C,Postlarva 4,Saturacion,70.33,61.97
Sala 08,L0801,0036C,Postlarva 4,Saturacion,75.17,71.17
Sala 08,L0802,0036C,Postlarva 4,Saturacion,75.58,76.75
Sala 08,L0803,0036C,Postlarva 4,Saturacion,72.58,68.38
Sala 08,L0804,0036C,Postlarva 4,Saturacion,73.33,68.38
Sala 08,L0805,0036C,Postlarva 4,Saturacion,73.50,68.38
Sala 08,L0806,0036C,Postlarva 4,Saturacion,72.67,71.13
Sala 08,L0807,0036C,Postlarva 4,Saturacion,74.25,62.26
Sala 08,L0808,0036C,Postlarva 4,Saturacion,74.58,62.26
Sala 08,L0809,0036C,Postlarva 4,Saturacion,72.58,63.53
Sala 08,L0810,0036C,Postlarva 4,Saturacion,72.25,63.37
Sala 08,L0811,0036C,Postlarva 4,Saturacion,72.75,63.29
Sala 08,L0812,0036C,Postlarva 4,Saturacion,71.67,62.82
Sala 08,L0813,0036C,Postlarva 4,Saturacion,72.08,63.29
Sala 08,L0814,0036C,Postlarva 4,Saturacion,73.33,63.29
Sala 10,L1001,0036C,Postlarva 4,Saturacion,72.75,63.09
Sala 10,L1002,0036C,Postlarva 4,Saturacion,72.70,73.83
Sala 10,L1003,0036C,Postlarva 4,Saturacion,72.59,68.46
Sala 10,L1004,0036C,Postlarva 4,Saturacion,72.83,67.11
Sala 10,L1005,0036C,Postlarva 4,Saturacion,72.24,72.48
Sala 10,L1006,0036C,Postlarva 4,Saturacion,72.41,72.48
Sala 10,L1007,0036C,Postlarva 4,Saturacion,72.17,69.80
Sala 10,L1008,0036C,Postlarva 4,Saturacion,71.97,69.80
Sala 10,L1009,0036C,Postlarva 4,Saturacion,72.17,72.97
Sala 10,L1010,0036C,Postlarva 4,Saturacion,72.71,62.82
Sala 10,L1011,0036C,Postlarva 4,Saturacion,72.47,60.26
Sala 10,L1012,0036C,Postlarva 4,Saturacion,72.47,62.82
Sala 10,L1013,0036C,Postlarva 4,Saturacion,72.63,60.26
Sala 10,L1014,0036C,Postlarva 4,Saturacion,72.38,62.82
Sala 07,L0711,0032C,Postlarva 5,Saturacion,74.50,54.69
Sala 07,L0712,0032C,Postlarva 5,Saturacion,73.92,63.33
Sala 07,L0713,0032C,Postlarva 5,Saturacion,75.00,60.94
Sala 07,L0714,0032C,Postlarva 5,Saturacion,75.67,64.06
Sala 07,L0712,0033C,Postlarva 5,Saturacion,75.08,61.97
Sala 07,L0712,0036C,Postlarva 5,Saturacion,74.50,63.16
Sala 07,L0713,0036C,Postlarva 5,Saturacion,74.33,61.84
Sala 07,L0714,0036C,Postlarva 5,Saturacion,74.58,61.84
Sala 10,L1001,0036C,Postlarva 5,Saturacion,70.28,61.74
Sala 10,L1002,0036C,Postlarva 5,Saturacion,70.64,69.80
Sala 10,L1003,0036C,Postlarva 5,Saturacion,69.85,67.11
Sala 10,L1004,0036C,Postlarva 5,Saturacion,70.43,65.77
Sala 10,L1005,0036C,Postlarva 5,Saturacion,70.86,69.80
Sala 10,L1006,0036C,Postlarva 5,Saturacion,71.37,69.80
Sala 10,L1007,0036C,Postlarva 5,Saturacion,71.71,67.11
Sala 10,L1008,0036C,Postlarva 5,Saturacion,71.04,67.11
Sala 10,L1009,0036C,Postlarva 5,Saturacion,70.70,70.27
Sala 10,L1010,0036C,Postlarva 5,Saturacion,74.19,61.54
Sala 10,L1011,0036C,Postlarva 5,Saturacion,75.90,58.97
Sala 10,L1012,0036C,Postlarva 5,Saturacion,74.84,61.54
Sala 10,L1013,0036C,Postlarva 5,Saturacion,74.52,58.97
Sala 10,L1014,0036C,Postlarva 5,Saturacion,75.12,61.54
Sala 08,L0803,0036C,Postlarva 6,Saturacion,71.92,68.38
Sala 08,L0804,0036C,Postlarva 6,Saturacion,72.75,69.77
Sala 08,L0805,0036C,Postlarva 6,Saturacion,71.58,66.98
Sala 08,L0806,0036C,Postlarva 6,Saturacion,72.42,68.34
Sala 08,L0807,0036C,Postlarva 6,Saturacion,72.75,59.72
Sala 08,L0808,0036C,Postlarva 6,Saturacion,73.00,60.99
Sala 08,L0809,0036C,Postlarva 6,Saturacion,72.75,63.66
Sala 08,L0810,0036C,Postlarva 6,Saturacion,72.00,63.37
Sala 08,L0811,0036C,Postlarva 6,Saturacion,71.50,62.03
Sala 08,L0812,0036C,Postlarva 6,Saturacion,72.08,62.82
Sala 08,L0813,0036C,Postlarva 6,Saturacion,72.50,62.03
Sala 08,L0814,0036C,Postlarva 6,Saturacion,72.58,64.56
Sala 10,L1001,0036C,Postlarva 6,Saturacion,73.70,53.69
Sala 10,L1002,0036C,Postlarva 6,Saturacion,74.66,64.43
Sala 10,L1003,0036C,Postlarva 6,Saturacion,74.45,64.43
Sala 10,L1004,0036C,Postlarva 6,Saturacion,74.11,61.74
Sala 10,L1005,0036C,Postlarva 6,Saturacion,73.78,64.43
Sala 10,L1006,0036C,Postlarva 6,Saturacion,73.39,64.43
Sala 10,L1007,0036C,Postlarva 6,Saturacion,73.61,64.43
Sala 10,L1008,0036C,Postlarva 6,Saturacion,72.90,64.43
Sala 10,L1009,0036C,Postlarva 6,Saturacion,73.35,62.16
Sala 10,L1010,0036C,Postlarva 6,Saturacion,74.92,61.54
Sala 10,L1011,0036C,Postlarva 6,Saturacion,74.83,61.54
Sala 10,L1012,0036C,Postlarva 6,Saturacion,74.75,61.54
Sala 10,L1013,0036C,Postlarva 6,Saturacion,74.83,58.97
Sala 10,L1014,0036C,Postlarva 6,Saturacion,75.00,60.26
Sala 08,L0808,0036C,Postlarva 7,Saturacion,73.92,59.72
Sala 08,L0809,0036C,Postlarva 7,Saturacion,73.25,62.39
Sala 08,L0810,0036C,Postlarva 7,Saturacion,73.00,62.10
Sala 08,L0811,0036C,Postlarva 7,Saturacion,73.17,60.76
Sala 08,L0812,0036C,Postlarva 7,Saturacion,71.00,61.54
Sala 08,L0813,0036C,Postlarva 7,Saturacion,71.67,60.76
Sala 08,L0814,0036C,Postlarva 7,Saturacion,71.83,63.29
Sala 10,L1001,0036C,Postlarva 7,Saturacion,75.15,53.69
Sala 10,L1002,0036C,Postlarva 7,Saturacion,76.67,63.09
Sala 10,L1003,0036C,Postlarva 7,Saturacion,76.25,63.09
Sala 10,L1004,0036C,Postlarva 7,Saturacion,76.20,61.74
Sala 10,L1005,0036C,Postlarva 7,Saturacion,75.79,64.43
Sala 10,L1006,0036C,Postlarva 7,Saturacion,75.08,64.43
Sala 10,L1007,0036C,Postlarva 7,Saturacion,75.75,64.43
Sala 10,L1008,0036C,Postlarva 7,Saturacion,76.17,64.43
Sala 10,L1009,0036C,Postlarva 7,Saturacion,75.00,62.16
Sala 10,L1010,0036C,Postlarva 7,Saturacion,74.25,60.26
Sala 10,L1011,0036C,Postlarva 7,Saturacion,74.33,60.26
Sala 10,L1012,0036C,Postlarva 7,Saturacion,74.83,60.26
Sala 10,L1013,0036C,Postlarva 7,Saturacion,75.33,57.69
Sala 10,L1014,0036C,Postlarva 7,Saturacion,75.42,58.97
Sala 08,L0813,0036C,Postlarva 8,Saturacion,71.42,60.76
Sala 08,L0814,0036C,Postlarva 8,Saturacion,71.92,63.29
Sala 10,L1001,0036C,Postlarva 8,Saturacion,73.42,53.69
Sala 10,L1002,0036C,Postlarva 8,Saturacion,74.58,61.74
Sala 10,L1003,0036C,Postlarva 8,Saturacion,73.67,61.74
Sala 10,L1004,0036C,Postlarva 8,Saturacion,73.83,60.40
Sala 10,L1005,0036C,Postlarva 8,Saturacion,74.58,63.09
Sala 10,L1006,0036C,Postlarva 8,Saturacion,74.17,63.09
Sala 10,L1007,0036C,Postlarva 8,Saturacion,73.42,63.09
Sala 10,L1008,0036C,Postlarva 8,Saturacion,74.54,63.09
Sala 10,L1009,0036C,Postlarva 8,Saturacion,73.58,60.81
Sala 10,L1010,0036C,Postlarva 8,Saturacion,75.00,58.97
Sala 10,L1011,0036C,Postlarva 8,Saturacion,75.00,58.97
Sala 10,L1012,0036C,Postlarva 8,Saturacion,74.92,58.97
Sala 10,L1013,0036C,Postlarva 8,Saturacion,75.33,57.69
Sala 10,L1014,0036C,Postlarva 8,Saturacion,75.17,57.69
Sala 10,L1001,0036C,Postlarva 9,Saturacion,75.67,53.69
Sala 10,L1002,0036C,Postlarva 9,Saturacion,76.17,60.40
Sala 10,L1003,0036C,Postlarva 9,Saturacion,75.67,60.40
Sala 10,L1004,0036C,Postlarva 9,Saturacion,75.25,59.06
Sala 10,L1005,0036C,Postlarva 9,Saturacion,75.42,61.74
Sala 10,L1006,0036C,Postlarva 9,Saturacion,75.25,61.74
Sala 10,L1007,0036C,Postlarva 9,Saturacion,74.92,61.74
Sala 10,L1008,0036C,Postlarva 9,Saturacion,75.33,61.74
Sala 10,L1009,0036C,Postlarva 9,Saturacion,74.50,59.46
Sala 10,L1011,0036C,Postlarva 9,Saturacion,75.33,51.28
Sala 10,L1013,0036C,Postlarva 9,Saturacion,75.08,55.13
Sala 10,L1014,0036C,Postlarva 9,Saturacion,75.50,51.28
